{"type":"Topology","transform":{"scale":[0.0007090079781061592,0.0006909303401109064],"translate":[-15.078563690333342,7.195062383952063]},"objects":{"layer1":{"type":"GeometryCollection","geometries":[{"type":"Polygon","arcs":[[0,1,2,3,4]],"properties":{"ADM2_CODE":40708,"ADM2_NAME":"Boffa","STR2_YEAR":1000,"EXP2_YEAR":3000,"ADM1_CODE":40700,"ADM1_NAME":"Boke","STATUS":"Member State","DISP_AREA":"NO","ADM0_CODE":106,"ADM0_NAME":"Guinea","SHAPE_LENG":4.56918967019,"SHAPE_AREA":0.43604964573}},{"type":"MultiPolygon","arcs":[[[5]],[[6]],[[7]],[[8]],[[9,10,-5,11]]],"properties":{"ADM2_CODE":40709,"ADM2_NAME":"Boke","STR2_YEAR":1000,"EXP2_YEAR":3000,"ADM1_CODE":40700,"ADM1_NAME":"Boke","STATUS":"Member State","DISP_AREA":"NO","ADM0_CODE":106,"ADM0_NAME":"Guinea","SHAPE_LENG":7.29659390513,"SHAPE_AREA":0.90351304899}},{"type":"Polygon","arcs":[[12,13,14,-10,15,16]],"properties":{"ADM2_CODE":40710,"ADM2_NAME":"Gaoual","STR2_YEAR":1000,"EXP2_YEAR":3000,"ADM1_CODE":40700,"ADM1_NAME":"Boke","STATUS":"Member State","DISP_AREA":"NO","ADM0_CODE":106,"ADM0_NAME":"Guinea","SHAPE_LENG":6.93084612884,"SHAPE_AREA":0.9248904323}},{"type":"Polygon","arcs":[[17,-17,18]],"properties":{"ADM2_CODE":40711,"ADM2_NAME":"Koundara","STR2_YEAR":1000,"EXP2_YEAR":3000,"ADM1_CODE":40700,"ADM1_NAME":"Boke","STATUS":"Member State","DISP_AREA":"NO","ADM0_CODE":106,"ADM0_NAME":"Guinea","SHAPE_LENG":4.26688016868,"SHAPE_AREA":0.43933424734}},{"type":"Polygon","arcs":[[19,20,21,22]],"properties":{"ADM2_CODE":40717,"ADM2_NAME":"Dabola","STR2_YEAR":1000,"EXP2_YEAR":3000,"ADM1_CODE":40702,"ADM1_NAME":"Faranah","STATUS":"Member State","DISP_AREA":"NO","ADM0_CODE":106,"ADM0_NAME":"Guinea","SHAPE_LENG":4.19038624937,"SHAPE_AREA":0.42787158664}},{"type":"Polygon","arcs":[[23,24,-22,25,26,27]],"properties":{"ADM2_CODE":40718,"ADM2_NAME":"Dinguiraye","STR2_YEAR":1000,"EXP2_YEAR":3000,"ADM1_CODE":40702,"ADM1_NAME":"Faranah","STATUS":"Member State","DISP_AREA":"NO","ADM0_CODE":106,"ADM0_NAME":"Guinea","SHAPE_LENG":6.73320726788,"SHAPE_AREA":0.94969863405}},{"type":"Polygon","arcs":[[28,29,30,31,32,-20]],"properties":{"ADM2_CODE":40719,"ADM2_NAME":"Faranah","STR2_YEAR":1000,"EXP2_YEAR":3000,"ADM1_CODE":40702,"ADM1_NAME":"Faranah","STATUS":"Member State","DISP_AREA":"NO","ADM0_CODE":106,"ADM0_NAME":"Guinea","SHAPE_LENG":6.13017176605,"SHAPE_AREA":1.06155352136}},{"type":"Polygon","arcs":[[33,34,35,36,-30,37]],"properties":{"ADM2_CODE":40720,"ADM2_NAME":"Kissidougou","STR2_YEAR":1000,"EXP2_YEAR":3000,"ADM1_CODE":40702,"ADM1_NAME":"Faranah","STATUS":"Member State","DISP_AREA":"NO","ADM0_CODE":106,"ADM0_NAME":"Guinea","SHAPE_LENG":3.953546471,"SHAPE_AREA":0.50907746936}},{"type":"Polygon","arcs":[[38,39,40,-34,41,42,43]],"properties":{"ADM2_CODE":40721,"ADM2_NAME":"Kankan","STR2_YEAR":1000,"EXP2_YEAR":3000,"ADM1_CODE":40703,"ADM1_NAME":"Kankan","STATUS":"Member State","DISP_AREA":"NO","ADM0_CODE":106,"ADM0_NAME":"Guinea","SHAPE_LENG":7.80030519996,"SHAPE_AREA":1.42806676546}},{"type":"Polygon","arcs":[[44,45,-35,-41]],"properties":{"ADM2_CODE":40722,"ADM2_NAME":"Kerouane","STR2_YEAR":1000,"EXP2_YEAR":3000,"ADM1_CODE":40703,"ADM1_NAME":"Kankan","STATUS":"Member State","DISP_AREA":"NO","ADM0_CODE":106,"ADM0_NAME":"Guinea","SHAPE_LENG":4.41690509971,"SHAPE_AREA":0.77117704428}},{"type":"Polygon","arcs":[[46,-42,-38,-29,-23,-25]],"properties":{"ADM2_CODE":40723,"ADM2_NAME":"Kouroussa","STR2_YEAR":1000,"EXP2_YEAR":3000,"ADM1_CODE":40703,"ADM1_NAME":"Kankan","STATUS":"Member State","DISP_AREA":"NO","ADM0_CODE":106,"ADM0_NAME":"Guinea","SHAPE_LENG":8.02235262591,"SHAPE_AREA":1.30273311582}},{"type":"Polygon","arcs":[[-44,47,48]],"properties":{"ADM2_CODE":40724,"ADM2_NAME":"Mandiana","STR2_YEAR":1000,"EXP2_YEAR":3000,"ADM1_CODE":40703,"ADM1_NAME":"Kankan","STATUS":"Member State","DISP_AREA":"NO","ADM0_CODE":106,"ADM0_NAME":"Guinea","SHAPE_LENG":6.06761282332,"SHAPE_AREA":0.96141434186}},{"type":"Polygon","arcs":[[-48,-43,-47,-24,49]],"properties":{"ADM2_CODE":40725,"ADM2_NAME":"Siguiri","STR2_YEAR":1000,"EXP2_YEAR":3000,"ADM1_CODE":40703,"ADM1_NAME":"Kankan","STATUS":"Member State","DISP_AREA":"NO","ADM0_CODE":106,"ADM0_NAME":"Guinea","SHAPE_LENG":6.18675192719,"SHAPE_AREA":1.46332156485}},{"type":"Polygon","arcs":[[50,51,52,53,54]],"properties":{"ADM2_CODE":40726,"ADM2_NAME":"Coyah","STR2_YEAR":1000,"EXP2_YEAR":3000,"ADM1_CODE":40704,"ADM1_NAME":"Kindia","STATUS":"Member State","DISP_AREA":"NO","ADM0_CODE":106,"ADM0_NAME":"Guinea","SHAPE_LENG":1.6516010172,"SHAPE_AREA":0.09401925284}},{"type":"Polygon","arcs":[[55,-54,56,57,-3,58,59]],"properties":{"ADM2_CODE":40727,"ADM2_NAME":"Dubreka","STR2_YEAR":1000,"EXP2_YEAR":3000,"ADM1_CODE":40704,"ADM1_NAME":"Kindia","STATUS":"Member State","DISP_AREA":"NO","ADM0_CODE":106,"ADM0_NAME":"Guinea","SHAPE_LENG":3.40572099512,"SHAPE_AREA":0.32796797624}},{"type":"Polygon","arcs":[[60,61,-51,62]],"properties":{"ADM2_CODE":40728,"ADM2_NAME":"Forecariah","STR2_YEAR":1000,"EXP2_YEAR":3000,"ADM1_CODE":40704,"ADM1_NAME":"Kindia","STATUS":"Member State","DISP_AREA":"NO","ADM0_CODE":106,"ADM0_NAME":"Guinea","SHAPE_LENG":3.48861408781,"SHAPE_AREA":0.34686837157}},{"type":"Polygon","arcs":[[-59,-2,63]],"properties":{"ADM2_CODE":40729,"ADM2_NAME":"Fria","STR2_YEAR":1000,"EXP2_YEAR":3000,"ADM1_CODE":40704,"ADM1_NAME":"Kindia","STATUS":"Member State","DISP_AREA":"NO","ADM0_CODE":106,"ADM0_NAME":"Guinea","SHAPE_LENG":1.87572296833,"SHAPE_AREA":0.13040134136}},{"type":"Polygon","arcs":[[64,65,66,-63,-55,-56,67,68]],"properties":{"ADM2_CODE":40730,"ADM2_NAME":"Kindia","STR2_YEAR":1000,"EXP2_YEAR":3000,"ADM1_CODE":40704,"ADM1_NAME":"Kindia","STATUS":"Member State","DISP_AREA":"NO","ADM0_CODE":106,"ADM0_NAME":"Guinea","SHAPE_LENG":4.37419705179,"SHAPE_AREA":0.72417063483}},{"type":"Polygon","arcs":[[69,70,-68,-60,-64,-1,-11,-15]],"properties":{"ADM2_CODE":40731,"ADM2_NAME":"Telemele","STR2_YEAR":1000,"EXP2_YEAR":3000,"ADM1_CODE":40704,"ADM1_NAME":"Kindia","STATUS":"Member State","DISP_AREA":"NO","ADM0_CODE":106,"ADM0_NAME":"Guinea","SHAPE_LENG":5.0152694729,"SHAPE_AREA":0.62252637996}},{"type":"Polygon","arcs":[[71,72,73,74]],"properties":{"ADM2_CODE":40732,"ADM2_NAME":"Koubia","STR2_YEAR":1000,"EXP2_YEAR":3000,"ADM1_CODE":40705,"ADM1_NAME":"Labe","STATUS":"Member State","DISP_AREA":"NO","ADM0_CODE":106,"ADM0_NAME":"Guinea","SHAPE_LENG":2.8794180169,"SHAPE_AREA":0.29385118119}},{"type":"Polygon","arcs":[[-73,75,76,77,78,79]],"properties":{"ADM2_CODE":40733,"ADM2_NAME":"Labe","STR2_YEAR":1000,"EXP2_YEAR":3000,"ADM1_CODE":40705,"ADM1_NAME":"Labe","STATUS":"Member State","DISP_AREA":"NO","ADM0_CODE":106,"ADM0_NAME":"Guinea","SHAPE_LENG":2.05929959237,"SHAPE_AREA":0.17451394946}},{"type":"Polygon","arcs":[[-79,80,-70,-14,81]],"properties":{"ADM2_CODE":40734,"ADM2_NAME":"Lelouma","STR2_YEAR":1000,"EXP2_YEAR":3000,"ADM1_CODE":40705,"ADM1_NAME":"Labe","STATUS":"Member State","DISP_AREA":"NO","ADM0_CODE":106,"ADM0_NAME":"Guinea","SHAPE_LENG":2.77014934018,"SHAPE_AREA":0.22516001368}},{"type":"Polygon","arcs":[[-74,-80,-82,-13,-18,82]],"properties":{"ADM2_CODE":40735,"ADM2_NAME":"Mali","STR2_YEAR":1000,"EXP2_YEAR":3000,"ADM1_CODE":40705,"ADM1_NAME":"Labe","STATUS":"Member State","DISP_AREA":"NO","ADM0_CODE":106,"ADM0_NAME":"Guinea","SHAPE_LENG":4.1038921942,"SHAPE_AREA":0.69345473919}},{"type":"Polygon","arcs":[[83,84,-76,-72,85,-27]],"properties":{"ADM2_CODE":40736,"ADM2_NAME":"Tougue","STR2_YEAR":1000,"EXP2_YEAR":3000,"ADM1_CODE":40705,"ADM1_NAME":"Labe","STATUS":"Member State","DISP_AREA":"NO","ADM0_CODE":106,"ADM0_NAME":"Guinea","SHAPE_LENG":3.49741092715,"SHAPE_AREA":0.49632557383}},{"type":"Polygon","arcs":[[-85,86,-65,87,-77]],"properties":{"ADM2_CODE":40737,"ADM2_NAME":"Dalaba","STR2_YEAR":1000,"EXP2_YEAR":3000,"ADM1_CODE":40706,"ADM1_NAME":"Mamou","STATUS":"Member State","DISP_AREA":"NO","ADM0_CODE":106,"ADM0_NAME":"Guinea","SHAPE_LENG":2.94985385567,"SHAPE_AREA":0.25604289834}},{"type":"Polygon","arcs":[[-26,-21,-33,88,-66,-87,-84]],"properties":{"ADM2_CODE":40738,"ADM2_NAME":"Mamou","STR2_YEAR":1000,"EXP2_YEAR":3000,"ADM1_CODE":40706,"ADM1_NAME":"Mamou","STATUS":"Member State","DISP_AREA":"NO","ADM0_CODE":106,"ADM0_NAME":"Guinea","SHAPE_LENG":5.15887755388,"SHAPE_AREA":0.84150823612}},{"type":"Polygon","arcs":[[-88,-69,-71,-81,-78]],"properties":{"ADM2_CODE":40739,"ADM2_NAME":"Pita","STR2_YEAR":1000,"EXP2_YEAR":3000,"ADM1_CODE":40706,"ADM1_NAME":"Mamou","STATUS":"Member State","DISP_AREA":"NO","ADM0_CODE":106,"ADM0_NAME":"Guinea","SHAPE_LENG":3.18656400866,"SHAPE_AREA":0.37177972809}},{"type":"Polygon","arcs":[[89,90,91,92,-45,-40]],"properties":{"ADM2_CODE":40740,"ADM2_NAME":"Beyla","STR2_YEAR":1000,"EXP2_YEAR":3000,"ADM1_CODE":40707,"ADM1_NAME":"Nzerekore","STATUS":"Member State","DISP_AREA":"NO","ADM0_CODE":106,"ADM0_NAME":"Guinea","SHAPE_LENG":6.39862616922,"SHAPE_AREA":1.03008629955}},{"type":"Polygon","arcs":[[93,94,-31,-37]],"properties":{"ADM2_CODE":40741,"ADM2_NAME":"Gueckedou","STR2_YEAR":1000,"EXP2_YEAR":3000,"ADM1_CODE":40707,"ADM1_NAME":"Nzerekore","STATUS":"Member State","DISP_AREA":"NO","ADM0_CODE":106,"ADM0_NAME":"Guinea","SHAPE_LENG":4.04266992503,"SHAPE_AREA":0.34635217856}},{"type":"Polygon","arcs":[[95,96,-91]],"properties":{"ADM2_CODE":40742,"ADM2_NAME":"Lola","STR2_YEAR":1000,"EXP2_YEAR":3000,"ADM1_CODE":40707,"ADM1_NAME":"Nzerekore","STATUS":"Member State","DISP_AREA":"NO","ADM0_CODE":106,"ADM0_NAME":"Guinea","SHAPE_LENG":3.3222085751,"SHAPE_AREA":0.37246233621}},{"type":"Polygon","arcs":[[-93,97,98,99,-94,-36,-46]],"properties":{"ADM2_CODE":40743,"ADM2_NAME":"Macenta","STR2_YEAR":1000,"EXP2_YEAR":3000,"ADM1_CODE":40707,"ADM1_NAME":"Nzerekore","STATUS":"Member State","DISP_AREA":"NO","ADM0_CODE":106,"ADM0_NAME":"Guinea","SHAPE_LENG":4.38551227554,"SHAPE_AREA":0.65756577181}},{"type":"Polygon","arcs":[[-97,100,101,-98,-92]],"properties":{"ADM2_CODE":40744,"ADM2_NAME":"Nzerekore","STR2_YEAR":1000,"EXP2_YEAR":3000,"ADM1_CODE":40707,"ADM1_NAME":"Nzerekore","STATUS":"Member State","DISP_AREA":"NO","ADM0_CODE":106,"ADM0_NAME":"Guinea","SHAPE_LENG":3.25995213286,"SHAPE_AREA":0.33363349977}},{"type":"Polygon","arcs":[[102,-99,-102]],"properties":{"ADM2_CODE":40745,"ADM2_NAME":"Yomou","STR2_YEAR":1000,"EXP2_YEAR":3000,"ADM1_CODE":40707,"ADM1_NAME":"Nzerekore","STATUS":"Member State","DISP_AREA":"NO","ADM0_CODE":106,"ADM0_NAME":"Guinea","SHAPE_LENG":2.59108007744,"SHAPE_AREA":0.26313036435}},{"type":"Polygon","arcs":[[-62,103,104,105,106,-52]],"properties":{"ADM2_CODE":40715,"ADM2_NAME":"Matoto","STR2_YEAR":1991,"EXP2_YEAR":3000,"ADM1_CODE":40701,"ADM1_NAME":"Conakry","STATUS":"Member State","DISP_AREA":"NO","ADM0_CODE":106,"ADM0_NAME":"Guinea","SHAPE_LENG":0.63874741383,"SHAPE_AREA":0.01748901602}},{"type":"Polygon","arcs":[[-53,-107,107,108,-57]],"properties":{"ADM2_CODE":40716,"ADM2_NAME":"Ratoma","STR2_YEAR":1991,"EXP2_YEAR":3000,"ADM1_CODE":40701,"ADM1_NAME":"Conakry","STATUS":"Member State","DISP_AREA":"NO","ADM0_CODE":106,"ADM0_NAME":"Guinea","SHAPE_LENG":0.72863201917,"SHAPE_AREA":0.01559772794}},{"type":"Polygon","arcs":[[109,110,111]],"properties":{"ADM2_CODE":40713,"ADM2_NAME":"Kaloum","STR2_YEAR":1991,"EXP2_YEAR":3000,"ADM1_CODE":40701,"ADM1_NAME":"Conakry","STATUS":"Member State","DISP_AREA":"NO","ADM0_CODE":106,"ADM0_NAME":"Guinea","SHAPE_LENG":0.48360498913,"SHAPE_AREA":0.00202361162}},{"type":"Polygon","arcs":[[112,-105,113,-112]],"properties":{"ADM2_CODE":40714,"ADM2_NAME":"Matam","STR2_YEAR":1991,"EXP2_YEAR":3000,"ADM1_CODE":40701,"ADM1_NAME":"Conakry","STATUS":"Member State","DISP_AREA":"NO","ADM0_CODE":106,"ADM0_NAME":"Guinea","SHAPE_LENG":0.15421467212,"SHAPE_AREA":0.00051207778}},{"type":"Polygon","arcs":[[-106,-113,-111,114,-108]],"properties":{"ADM2_CODE":40712,"ADM2_NAME":"Dixinn","STR2_YEAR":1991,"EXP2_YEAR":3000,"ADM1_CODE":40701,"ADM1_NAME":"Conakry","STATUS":"Member State","DISP_AREA":"NO","ADM0_CODE":106,"ADM0_NAME":"Guinea","SHAPE_LENG":0.18162915269,"SHAPE_AREA":0.00087470138}}],"bbox":[-15.078563690333342,7.195062383952063,-7.641069999999732,12.676212772051883]}},"arcs":[[[1634,5307],[-15,-51],[-58,-90],[-11,-64],[32,-15],[54,-64],[53,28],[27,79],[48,-15],[65,34],[26,-33],[67,-5],[11,-42],[56,-45],[22,3]],[[2011,5027],[27,-101],[-82,-107],[-84,-24],[-16,-74],[-43,-35],[8,-56],[-62,-27],[-14,-92],[87,-16],[16,-32]],[[1848,4463],[-58,-80],[-37,-83],[-100,-61],[0,-22],[91,-111],[143,-85],[56,-13],[16,-37]],[[1959,3971],[-40,-92],[-118,-56],[-35,14],[-73,87],[-266,177],[50,127],[-25,7],[1,46],[-54,-17],[11,-109],[-83,-27],[-53,33],[-19,41],[-43,10],[-138,134],[-88,51],[-111,-31],[-18,64],[21,65],[-10,56],[-31,10],[-70,65],[-25,39],[-3,73],[15,45]],[[754,4783],[66,62],[43,74],[60,-21],[6,-29],[48,-11],[46,-56],[40,-6],[21,31],[63,-6],[116,102],[43,80],[36,28],[35,62],[71,83],[18,-2],[42,88],[35,5],[40,47],[51,-7]],[[255,5241],[-28,-1],[-27,69],[49,34],[29,-61],[-23,-41]],[[318,5367],[-24,-7],[-25,54],[32,4],[17,-51]],[[219,5356],[-78,-103],[42,-27],[-6,-48],[-87,7],[-90,98],[1,65],[101,84],[73,39],[70,-70],[-26,-45]],[[158,5475],[51,97],[41,-64],[-23,-66],[-56,36],[-13,-3]],[[1429,6434],[39,-52],[-22,-52],[25,-54],[83,-21],[69,-65],[-26,-86],[82,-91],[36,-21],[28,-56]],[[1743,5936],[20,-37],[78,-54],[-22,-51],[44,-12],[25,-55],[-32,-85],[-50,-19],[-29,-64],[65,-78],[-6,-65],[-138,-85],[-64,-24]],[[754,4783],[-66,-43],[-86,9],[-25,54],[33,64],[56,44],[-30,48],[15,86],[60,83],[39,107],[-37,-11],[-79,-139],[-11,-36],[-94,-74],[1,83],[-29,13],[25,81],[56,35],[-9,18],[-90,-64],[-17,-83],[-38,50],[-20,57],[30,18],[20,87],[-76,-22],[5,46],[-19,104],[62,50],[46,3],[66,60],[-4,51],[-43,-27],[-33,-72],[-62,5],[-40,24],[-51,-39],[-31,10],[-13,63],[-49,58],[119,212],[39,97],[35,93],[12,32],[111,158],[42,43],[66,15],[152,-13],[159,91],[113,66],[82,94],[84,8],[31,-19],[64,-1],[80,-48],[24,22]],[[3176,7163],[28,-67],[-32,-59],[11,-78],[65,-36],[-48,-58],[57,-60],[9,-61]],[[3266,6744],[-56,-31],[6,-84],[24,-30],[-11,-45],[-42,-25],[50,-29],[28,-64],[79,-26],[5,-83],[-77,-59],[-8,-46],[-46,-40],[-104,-39],[-41,-58],[-43,-21],[-76,-76],[39,-57],[-49,-38],[22,-74],[-29,-38]],[[2937,5781],[-172,-16],[-98,-56],[-47,-10],[33,-98],[-25,-9],[-24,59],[-2,64],[-36,56],[-7,68],[-26,87],[22,58],[-24,27],[-90,-16],[-96,-59],[-44,-7],[25,97],[-19,28],[-52,-6],[-137,9],[-83,-68],[-71,-8],[-74,10],[-112,-60],[-35,5]],[[1429,6434],[36,22],[60,-18],[74,19],[35,29],[72,-18],[20,120],[33,-8],[15,-54],[67,-34],[81,36],[-8,79],[11,43],[-11,143],[11,119],[16,50],[-155,67],[-9,47],[-76,30],[-17,40],[-71,15],[-21,25],[-10,59],[31,3],[23,46],[86,10],[8,59],[59,-10],[14,-34],[50,33],[45,-36],[29,10]],[[1927,7326],[45,5],[54,-38],[15,28],[53,9],[30,49],[154,-8],[74,22],[14,27],[53,-43],[-52,-22],[28,-66],[52,-24],[-22,-87],[34,-39],[-36,-24],[63,-74],[36,-8],[22,-80],[119,10],[23,34],[70,-9],[64,27],[28,58],[120,-12],[63,35],[51,10],[31,50],[63,7]],[[3549,7487],[-3,-20],[-184,-97],[-79,-48],[-107,-159]],[[1927,7326],[19,52],[38,25],[21,76],[-19,48],[54,94],[-37,75],[-24,5],[-50,121],[4,111],[182,-2],[309,-21],[38,-23],[64,12],[77,-19],[155,-4],[36,-16],[34,19],[32,-82],[-36,-76],[7,-56],[29,-25],[66,1],[50,-19],[40,38],[25,72],[49,5],[59,-36],[17,-42],[74,-15],[37,-60],[188,-13],[84,-84]],[[6504,4835],[-113,71],[-127,9],[-62,-29],[-40,-81],[-61,-20],[-33,-67],[-46,30],[-110,34],[-45,46],[-47,9],[-112,-41],[-52,1],[-74,42],[-80,-58],[-72,-28],[-94,-115],[-130,-9]],[[5206,4629],[-16,84],[-62,9],[-65,40],[-55,10],[29,167],[40,44],[43,124],[16,149],[-86,74],[-37,-2],[-2,43],[24,54],[77,73],[104,-36],[144,30],[173,95]],[[5533,5587],[13,-32],[-18,-122],[5,-37],[44,-5],[46,34],[73,20],[31,53],[40,-5],[28,44],[95,25],[71,50],[63,78],[61,-15],[62,25]],[[6147,5700],[3,-108],[-101,-84],[-12,-65],[-24,-37],[-108,-52],[-24,-27],[144,-85],[84,-25],[54,-31],[56,-62],[222,37],[24,-86],[47,-87],[20,-122],[-28,-31]],[[7041,7211],[-37,-36],[-75,-35],[-64,-45],[-14,-30],[43,-68],[21,-107],[23,-34],[-47,-36],[15,-55],[-42,-39],[1,-36],[-49,-62],[38,-34],[-13,-68],[-41,-33],[-12,-134],[62,-69],[70,-9],[59,-49],[106,-14],[64,-41],[7,-81]],[[7156,6096],[-21,10],[-118,-51],[-73,18],[-49,-10],[-61,56],[-47,-40],[-32,27],[-16,-49],[-63,-17],[-49,-66],[-125,-28],[-11,-26],[47,-43],[-98,-85],[-35,-15],[-125,7],[-52,-11],[-81,-73]],[[5533,5587],[26,28],[-100,37],[-66,68],[-34,-9],[-39,54],[-43,129]],[[5277,5894],[0,59],[98,135],[110,33],[94,79],[3,56],[-22,19],[-84,9],[-18,70],[60,27],[31,36],[-29,37],[33,47],[57,7],[43,84],[-9,154],[41,39],[-75,53],[-39,-3],[-44,35],[10,73],[-19,59]],[[5518,7002],[40,38],[5,52],[35,0],[7,34],[45,24],[39,124],[42,-22],[116,26],[58,-29],[21,-62],[45,-42],[81,-39],[-10,-97],[54,-64],[7,-72],[23,-35],[89,-37],[45,28],[27,81],[81,45],[-10,39],[54,6],[36,71],[-17,37],[22,23],[66,-8],[60,35],[-1,38],[62,1],[14,32],[36,-4],[-7,51],[74,-18],[59,5],[4,-20],[68,2],[65,-41],[88,7]],[[6504,4835],[75,-34],[18,50],[69,-22],[59,11],[108,-41],[55,-71],[78,53],[42,-8],[-10,-53],[-52,-6],[11,-74],[-16,-68],[-32,-39],[-58,15],[-22,-118],[49,-72],[-37,-69],[-108,-92],[-22,-53],[-58,-81],[48,-155],[-33,-45],[-25,0],[-9,-68],[12,-49],[-54,-37],[-13,-34],[15,-115],[-35,-87],[13,-48]],[[6572,3425],[17,-66],[46,-49],[-11,-48],[24,-114],[-40,-138],[-40,-25],[6,-42],[-37,-61],[22,-43],[-37,-68]],[[6522,2771],[-18,-42],[-46,-15],[-141,-17]],[[6317,2697],[-85,33],[-99,-3],[6,75],[16,19],[-12,57],[84,38],[-16,59],[19,57],[-10,28],[-55,30],[-33,73],[-121,17],[21,32],[-59,41],[-7,70],[25,43],[-60,24],[20,30],[-73,64],[-15,69],[-47,11],[-41,98],[-77,105],[-83,73],[-64,30],[-24,31],[-21,124],[-45,35],[-382,-1]],[[5079,4059],[10,80],[46,41],[39,87],[31,98],[-5,42],[22,66],[-16,156]],[[7265,3560],[79,-61],[-19,-29],[60,-80],[43,-27],[108,-34],[119,-53],[35,-46],[5,-39]],[[7695,3191],[35,-64],[-76,-85],[3,-63],[-127,-40],[-9,-40],[30,-32],[9,-60],[67,-17],[15,-27],[-83,-44],[30,-63],[56,-12],[41,-43],[-7,-59],[-29,-22],[58,-89]],[[7708,2431],[-58,21],[-77,-15],[-75,20],[-48,-36],[-10,-31],[-72,-15]],[[7368,2375],[-34,19],[-104,-57],[-52,12],[-17,118],[9,61],[-31,6],[-16,-71],[-66,-38],[-46,17],[2,53],[-25,15],[-64,-61],[-58,49],[-13,39],[-83,16],[-9,115],[-59,41],[-23,-77],[-55,-26],[-121,-22],[-1,40],[45,52],[-25,95]],[[6572,3425],[50,3],[20,-24],[124,-1],[56,37],[36,64],[52,55],[26,65],[76,-40],[18,-68],[39,-21],[87,70],[42,14],[67,-19]],[[9792,4060],[26,-62],[-68,-44],[58,-38],[-19,-50],[37,0],[15,-49],[-17,-98],[-21,-5],[7,-76],[-19,-26],[13,-52],[-28,-102]],[[9776,3458],[-127,4],[-162,-9],[-56,-20],[-66,-50],[-63,17],[-19,-77],[-81,-19],[-5,-47],[-66,23],[-17,60]],[[9114,3340],[11,16],[-78,160],[-63,58],[-5,35],[-75,91],[-74,69],[-54,31],[-122,-3],[-123,102],[-95,55],[-191,-77],[-2,-86],[28,-67],[34,-39],[33,36],[46,-27],[1,-73],[21,-29],[-58,-94],[30,-78],[33,-41],[28,-72],[-79,-44],[-64,-19],[-96,8],[-74,-28],[-72,0],[-70,-40],[-98,-11],[-86,34],[-105,-16]],[[7265,3560],[57,35],[73,23],[24,58],[28,15],[40,90],[77,76],[5,28],[-38,15],[-45,74],[58,32],[46,49],[29,5],[-44,96],[51,46],[-22,29],[-31,-12],[-50,26],[-2,67],[73,40],[-23,138],[15,167],[41,91],[58,182],[33,57],[48,34],[154,24],[60,43],[39,178],[26,35]],[[8045,5301],[50,8],[36,93],[38,138],[36,39],[51,20]],[[8256,5599],[48,-43],[15,-86],[46,-6],[45,-50],[5,-54],[77,-278],[19,-36],[129,-65],[27,-4],[41,-68],[9,-103],[-31,-27],[4,-75],[39,-10],[17,-69],[37,-73],[63,-92],[104,-91],[129,-9],[35,-62],[41,15],[43,-39],[32,15],[107,-82],[75,6],[16,-26],[34,21],[93,-48],[31,-39],[76,-10],[15,-36],[41,23],[28,-32],[46,-6]],[[9114,3340],[-25,-57],[18,-121],[-2,-109],[-22,-23],[-8,-62],[-26,-38],[-1,-47],[-64,-71],[-26,-102],[6,-77],[33,-77],[-27,-28],[-108,-40],[-65,-97],[-61,-50],[-103,-55]],[[8633,2286],[-74,27],[-77,8],[-103,-26],[-36,-21],[-70,5],[-59,22],[-94,95],[-114,66],[-113,-27],[-117,-14],[-68,10]],[[7156,6096],[-13,-30],[58,-6],[121,-72],[16,-34],[4,-106],[51,-41],[46,-280],[85,-111],[140,-49],[381,-66]],[[8256,5599],[20,37],[93,73],[55,60],[41,104],[44,43],[103,155],[-23,42],[127,49],[96,85],[59,37],[38,104]],[[8909,6388],[40,31],[69,1],[-8,-63],[24,-32],[27,-95],[59,-68],[43,-13],[69,48],[9,-66],[35,-46],[64,-26],[84,1],[-35,-67],[81,-27],[-18,-55],[-64,-13],[-63,27],[-45,-38],[18,-59],[-113,-25],[3,-72],[-30,-44],[-45,1],[-11,-62],[-36,-70],[-40,-32],[-2,-65],[27,-26],[46,23],[54,-21],[77,38],[29,-7],[17,87],[29,48],[52,13],[57,-17],[33,20],[82,-40],[52,-77],[16,-206],[-34,-34],[-42,-85],[48,-28],[-16,-51],[15,-39],[-7,-77],[40,-109],[-7,-43],[22,-78],[25,-17],[18,-71],[42,-22],[54,0],[63,28],[38,-90],[136,-29],[38,-35],[28,-90],[-5,-61],[-37,-50],[-54,-113],[-40,-34],[-87,-38],[-41,-68]],[[7041,7211],[27,-55],[93,-16],[43,-43],[80,0],[53,-63],[94,2],[57,-36],[98,-11],[3,39],[31,40],[-7,55],[71,81],[126,29],[87,77],[96,20],[65,-21],[66,46],[-6,58],[37,55],[-152,154],[53,22],[7,28],[51,-19],[9,26],[50,-27],[43,30],[73,-24],[56,0],[107,-68],[60,-17],[107,-117],[14,-37],[-41,-58],[-9,-86],[21,-41],[76,8],[41,-76],[-28,-74],[3,-78],[53,-25],[28,26],[71,-53],[-15,-47],[30,-71],[-39,-224],[-45,-204],[88,-8],[42,-20]],[[2770,3461],[-66,-24],[-34,14],[-57,-14],[-25,23],[-41,-40],[-47,87],[-67,6],[-42,-36],[-8,-47],[-43,-18],[-77,7],[-28,-26]],[[2235,3393],[-13,51],[60,90],[-55,76]],[[2227,3610],[35,63]],[[2262,3673],[121,42],[-74,109],[0,41],[42,16],[19,51],[46,37],[73,21],[48,-6],[30,22]],[[2567,4006],[77,-120],[-16,-48],[27,-114],[-5,-75],[97,-114],[23,-74]],[[2689,4635],[39,-203],[-11,-59],[-46,-58],[-10,-41],[25,-44],[-166,-114],[47,-110]],[[2262,3673],[-124,25],[-10,22]],[[2128,3720],[-108,15],[-61,-52],[-58,9],[-41,49],[28,77],[79,99],[-8,54]],[[1848,4463],[68,-13],[67,28],[67,-53],[59,8],[46,115],[67,65],[-23,66],[48,74],[94,17],[32,38]],[[2373,4808],[38,-8],[28,-38],[31,5],[16,-41],[54,-23],[17,-33],[132,-35]],[[3516,3527],[-8,-41],[-42,-4],[-53,-100],[11,-33],[-39,-66],[-12,-78],[-35,-29],[-57,10],[2,-68],[-37,-10],[-24,-65],[-66,-18],[-50,17],[-34,-37],[-49,22],[-33,-74],[6,-66],[-67,-134],[-69,-21],[-11,-35],[-41,-15],[-50,14],[-40,41],[-39,6],[-39,-26],[-58,4],[-84,-54],[-23,47],[106,107],[-87,18],[-22,33],[23,89],[-20,28],[-7,85],[-23,20],[-17,-83],[-56,-4],[-50,114],[12,85],[-80,1],[-44,50],[-14,45],[24,50]],[[2220,3352],[15,41]],[[2770,3461],[55,4],[140,104],[96,56],[91,32],[144,17],[88,-27],[100,-108],[32,-12]],[[2011,5027],[75,62],[116,114],[68,14],[41,-39],[-5,-130],[70,22],[61,-55],[-70,-92],[22,-51],[-16,-64]],[[3642,4965],[-14,-88],[87,-54],[-10,-31],[73,-36]],[[3778,4756],[-39,-141],[-20,-25],[3,-64],[30,-70],[79,-12],[42,31],[145,-24],[4,-64],[45,-63],[13,-46],[41,-36],[45,-126],[-19,-45],[-37,-12],[-12,-35],[35,-141]],[[4133,3883],[-111,68],[-88,-23],[-201,-40],[-35,-39],[-60,-16],[13,-25],[-65,-153],[-43,-26],[-27,-102]],[[2689,4635],[99,57],[78,-42],[50,51],[80,168]],[[2996,4869],[10,-60],[35,-6],[58,48],[38,-23],[54,4],[51,-25],[49,-51],[27,5],[108,99],[45,5],[82,67],[79,47],[10,-14]],[[2937,5781],[30,-9],[32,-112],[38,-10],[64,59],[129,-41]],[[3230,5668],[-30,-50],[-24,-86],[-89,-29],[-25,-49],[-53,-40],[-30,-168],[16,-90],[34,-41],[-31,-60],[18,-44],[-33,-74],[13,-68]],[[5323,6979],[-50,-52],[-31,-64],[-76,-44],[-53,-11],[-35,-57],[-72,-58],[-25,-45],[-46,33],[-34,-46],[-25,-75],[-54,-48],[-18,-65],[-53,-14],[-54,-51],[-58,-18],[-41,-54],[-48,-25],[-55,-113],[-81,-63],[-22,-31],[-31,-107]],[[4361,5971],[-78,54],[-5,60],[-34,67],[-85,55],[-129,21],[3,105],[-27,102],[5,23]],[[4011,6458],[136,21],[85,164],[83,78],[71,43],[43,6],[108,-12],[88,102],[121,84],[51,99],[55,59],[207,165]],[[5059,7267],[-4,-54],[43,-65],[131,-50],[13,-57],[81,-62]],[[4361,5971],[-35,-43]],[[4326,5928],[-55,10],[-98,-16],[-20,-19],[-40,-118],[-66,-43]],[[4047,5742],[-40,-27],[-39,60],[-39,12],[-106,-28],[-38,10],[-42,-72],[-78,35],[-31,111],[7,78],[-37,10],[-63,65],[-56,-15]],[[3485,5981],[6,31],[133,137],[47,19],[25,121],[128,80],[19,26],[-33,78],[22,20]],[[3832,6493],[54,21],[125,-56]],[[3485,5981],[-42,1],[-26,-67],[-102,-67],[-38,-57],[-12,-67],[-35,-56]],[[3266,6744],[35,14],[65,87],[44,6],[29,-99],[99,-114],[59,-50],[111,-23],[15,-58],[109,-14]],[[3549,7487],[79,42],[80,-8],[79,-46],[47,-70],[23,-6],[154,69],[107,19],[87,77],[67,3],[46,-39],[82,15],[78,35],[30,-17],[31,-25],[15,-7],[124,-13],[70,8],[68,43],[90,5],[97,23],[101,-2],[113,-40],[8,-35],[-93,-16],[-14,-40],[23,-77],[-28,-65],[-54,-53]],[[5277,5894],[-13,-16],[-66,19],[8,-45],[-83,-30],[-84,-47],[-78,-109],[-88,-50],[-28,13],[-86,-73],[-54,-67]],[[4705,5489],[-88,16],[-82,39],[-27,39],[-18,68],[24,64],[-1,49],[-50,39],[-67,20],[-70,105]],[[5323,6979],[66,-36],[129,59]],[[4705,5489],[1,-91],[-38,-74],[-70,-39],[-65,-10],[-62,48],[-121,-12],[-21,-56],[-35,-30],[-60,26],[-52,-57],[-38,2],[-85,-37],[-22,-158],[-95,-74],[-29,-138],[-49,-24],[-46,12],[-40,-21]],[[3642,4965],[39,16],[32,101],[63,135],[48,-11],[-2,49],[25,69],[-63,86],[56,13],[73,95],[12,85],[55,-48],[42,45],[-8,28],[55,44],[-22,70]],[[5079,4059],[-576,-3],[-26,-85],[-304,-97],[-40,9]],[[9776,3458],[-3,-76],[71,-123],[55,-65],[130,-9],[120,58],[39,-13],[-16,-74],[-31,-48],[-4,-90],[-48,-91],[8,-44],[53,-42],[41,29],[92,-104],[72,-42],[-40,-16],[-68,23],[-39,-16],[-34,-44],[-75,-53],[2,-53],[-54,-142],[-10,-69],[21,-51],[65,-30],[79,16],[30,-15],[72,1],[65,-144],[55,-178],[38,-56],[-27,-74],[20,-66],[35,-46],[-77,-9],[-79,11],[-52,123],[-66,25],[6,-65],[-30,-23],[-97,39],[8,57],[-32,21],[-66,-25],[-156,32],[-54,-26],[-89,22],[-69,-87]],[[9637,1806],[-49,4],[-53,34],[-19,34],[-68,7],[-122,-60],[-72,-124],[75,-143]],[[9329,1558],[-44,-28],[-112,21],[-28,99],[-56,48],[-79,20],[-56,-58],[-27,6],[-48,-54],[-41,-22],[15,-47],[-48,-43],[-57,34],[-82,-1]],[[8666,1533],[30,103],[29,38],[12,117],[-25,187],[16,103],[-36,3],[-2,64],[-22,27],[-35,111]],[[7368,2375],[-42,-77],[-57,-76],[-22,-118],[66,-43],[15,-82],[-36,-30],[19,-61]],[[7311,1888],[-64,-22],[-82,-65],[-93,-25],[17,103],[-49,36],[-100,12],[-77,-67],[-98,11],[-69,22],[-77,-15],[-85,-129],[-93,-98],[-59,-41],[-37,1],[-24,35],[-109,12],[-31,27],[61,41],[4,112],[27,37],[12,74],[58,48],[-1,24],[83,27],[58,40],[18,53],[-76,91],[-18,51],[-72,46],[-13,124],[-3,121],[17,103],[-19,20]],[[9637,1806],[28,-119],[-17,-48],[7,-78],[-21,-54],[41,-3],[74,-55],[57,0],[81,-50],[48,62],[55,-41],[-19,-18],[-2,-101],[41,-21],[49,-79],[-10,-26],[-123,37],[-59,-169],[-46,-67],[1,-36],[61,-52],[-32,-125],[-65,-42],[-5,-55],[-40,-51],[-1,-55],[-59,-70],[-60,49],[-45,14],[-19,35],[-62,-33],[-47,1],[-7,40],[-46,2],[-77,-78],[-7,8],[-124,96],[14,34],[-15,62]],[[9186,720],[3,121],[-58,26],[1,53],[54,97],[-22,50],[20,76],[41,65],[-4,24],[-57,63],[20,33],[-16,62],[24,44],[39,22],[123,17],[3,59],[-28,26]],[[8666,1533],[-28,-19],[-46,-92],[20,-30],[-50,-94],[-59,-24],[-74,-87],[-109,-156],[-47,-56]],[[8273,975],[-132,-102],[-27,-80],[-34,20]],[[8080,813],[0,10],[-14,47],[-43,19],[-47,77],[-13,124],[29,35],[-13,65],[-45,21],[12,57],[-20,50],[-6,87],[-80,20],[5,91],[38,31],[-26,75],[26,42],[4,52],[-66,4],[-57,70],[-45,-36],[-69,-7],[-2,27],[44,44],[-65,61],[-83,-31],[-22,32],[14,37],[-53,47],[-44,-37],[13,-26],[-141,-13]],[[9186,720],[-132,5],[-67,-81],[4,-32],[-26,-95],[20,-61],[-69,-81],[-22,-6],[-10,-55],[-36,-12]],[[8848,302],[-10,51],[25,56],[-69,79],[-149,195],[-3,92],[-15,54],[-75,26],[-63,1],[15,69],[-48,59],[-81,7],[-102,-16]],[[8848,302],[-57,-82],[17,-58],[0,-34],[-42,-37],[-56,5],[-18,38],[-60,-48],[-82,-16],[-70,-61],[-32,1],[-19,-10],[-5,7],[17,38],[-38,73],[-47,-5],[-51,44],[-22,69],[5,43],[-35,12],[-72,-11],[-24,59],[-77,10],[-67,-59],[-26,42],[-88,-71],[14,37],[0,1],[17,57],[53,54],[27,83],[63,140],[-25,29],[5,70],[24,35],[3,56]],[[2220,3352],[-69,-16],[-71,90],[-43,-11]],[[2037,3415],[-19,10]],[[2018,3425],[7,7]],[[2025,3432],[41,26],[55,89],[106,63]],[[2025,3432],[-38,7]],[[1987,3439],[50,82],[14,139],[77,60]],[[1963,3368],[-28,-4]],[[1935,3364],[24,6]],[[1959,3370],[4,-2]],[[1959,3370],[59,55]],[[2037,3415],[-74,-47]],[[1935,3364],[52,75]]],"bbox":[-15.078563690333342,7.195062383952063,-7.641069999999732,12.676212772051883]}