{"type":"Topology","transform":{"scale":[0.0006990713520974737,0.0007726291245392879],"translate":[-0.143020000999854,6.107619141000157]},"objects":{"layer1":{"type":"GeometryCollection","geometries":[{"type":"Polygon","arcs":[[0,1,2,3]],"properties":{"ADM2_CODE":27386,"ADM2_NAME":"Tchamba","STR2_YEAR":1000,"EXP2_YEAR":3000,"ADM1_CODE":2970,"ADM1_NAME":"Centrale","STATUS":"Member State","DISP_AREA":"NO","ADM0_CODE":243,"ADM0_NAME":"Togo","SHAPE_LENG":2.53201298057,"SHAPE_AREA":0.2655053736}},{"type":"Polygon","arcs":[[-3,4,5,6,7]],"properties":{"ADM2_CODE":27387,"ADM2_NAME":"Tchaoudjo","STR2_YEAR":1000,"EXP2_YEAR":3000,"ADM1_CODE":2970,"ADM1_NAME":"Centrale","STATUS":"Member State","DISP_AREA":"NO","ADM0_CODE":243,"ADM0_NAME":"Togo","SHAPE_LENG":2.11867122309,"SHAPE_AREA":0.19639872307}},{"type":"Polygon","arcs":[[8,-7,9,10]],"properties":{"ADM2_CODE":27388,"ADM2_NAME":"Assoli","STR2_YEAR":1000,"EXP2_YEAR":3000,"ADM1_CODE":2971,"ADM1_NAME":"Kara","STATUS":"Member State","DISP_AREA":"NO","ADM0_CODE":243,"ADM0_NAME":"Togo","SHAPE_LENG":1.34603092066,"SHAPE_AREA":0.08143598089}},{"type":"Polygon","arcs":[[11,12,13]],"properties":{"ADM2_CODE":27390,"ADM2_NAME":"Binah","STR2_YEAR":1000,"EXP2_YEAR":3000,"ADM1_CODE":2971,"ADM1_NAME":"Kara","STATUS":"Member State","DISP_AREA":"NO","ADM0_CODE":243,"ADM0_NAME":"Togo","SHAPE_LENG":1.05616928745,"SHAPE_AREA":0.0368304116}},{"type":"Polygon","arcs":[[14,15,16,17,18,-13]],"properties":{"ADM2_CODE":27391,"ADM2_NAME":"Doufelgou","STR2_YEAR":1000,"EXP2_YEAR":3000,"ADM1_CODE":2971,"ADM1_NAME":"Kara","STATUS":"Member State","DISP_AREA":"NO","ADM0_CODE":243,"ADM0_NAME":"Togo","SHAPE_LENG":1.67592748999,"SHAPE_AREA":0.10896542708}},{"type":"Polygon","arcs":[[-18,19,20,21]],"properties":{"ADM2_CODE":27392,"ADM2_NAME":"Keran","STR2_YEAR":1000,"EXP2_YEAR":3000,"ADM1_CODE":2971,"ADM1_NAME":"Kara","STATUS":"Member State","DISP_AREA":"NO","ADM0_CODE":243,"ADM0_NAME":"Togo","SHAPE_LENG":1.68059621355,"SHAPE_AREA":0.14022098173}},{"type":"Polygon","arcs":[[22,-11,23,-15,-12]],"properties":{"ADM2_CODE":27393,"ADM2_NAME":"Kozah","STR2_YEAR":1000,"EXP2_YEAR":3000,"ADM1_CODE":2971,"ADM1_NAME":"Kara","STATUS":"Member State","DISP_AREA":"NO","ADM0_CODE":243,"ADM0_NAME":"Togo","SHAPE_LENG":1.61099738596,"SHAPE_AREA":0.08840599406}},{"type":"Polygon","arcs":[[24,25,26,27]],"properties":{"ADM2_CODE":27394,"ADM2_NAME":"Golfe","STR2_YEAR":1000,"EXP2_YEAR":3000,"ADM1_CODE":2972,"ADM1_NAME":"Maritime","STATUS":"Member State","DISP_AREA":"NO","ADM0_CODE":243,"ADM0_NAME":"Togo","SHAPE_LENG":0.84469288251,"SHAPE_AREA":0.02450899288}},{"type":"Polygon","arcs":[[-25,28,29,30,31]],"properties":{"ADM2_CODE":27395,"ADM2_NAME":"Lacs","STR2_YEAR":1000,"EXP2_YEAR":3000,"ADM1_CODE":2972,"ADM1_NAME":"Maritime","STATUS":"Member State","DISP_AREA":"NO","ADM0_CODE":243,"ADM0_NAME":"Togo","SHAPE_LENG":1.69267499605,"SHAPE_AREA":0.05867468942}},{"type":"Polygon","arcs":[[32,33,-30]],"properties":{"ADM2_CODE":27396,"ADM2_NAME":"Vo","STR2_YEAR":1000,"EXP2_YEAR":3000,"ADM1_CODE":2972,"ADM1_NAME":"Maritime","STATUS":"Member State","DISP_AREA":"NO","ADM0_CODE":243,"ADM0_NAME":"Togo","SHAPE_LENG":0.97683998101,"SHAPE_AREA":0.06084435517}},{"type":"Polygon","arcs":[[-31,-34,34,35,36]],"properties":{"ADM2_CODE":27397,"ADM2_NAME":"Yoto","STR2_YEAR":1000,"EXP2_YEAR":3000,"ADM1_CODE":2972,"ADM1_NAME":"Maritime","STATUS":"Member State","DISP_AREA":"NO","ADM0_CODE":243,"ADM0_NAME":"Togo","SHAPE_LENG":1.66712274839,"SHAPE_AREA":0.10711992277}},{"type":"Polygon","arcs":[[37,38,39,40]],"properties":{"ADM2_CODE":27399,"ADM2_NAME":"Amou","STR2_YEAR":1000,"EXP2_YEAR":3000,"ADM1_CODE":2973,"ADM1_NAME":"Plateaux","STATUS":"Member State","DISP_AREA":"NO","ADM0_CODE":243,"ADM0_NAME":"Togo","SHAPE_LENG":1.92782309609,"SHAPE_AREA":0.14634894422}},{"type":"Polygon","arcs":[[41,-40,42,43,44]],"properties":{"ADM2_CODE":27403,"ADM2_NAME":"Wawa","STR2_YEAR":1000,"EXP2_YEAR":3000,"ADM1_CODE":2973,"ADM1_NAME":"Plateaux","STATUS":"Member State","DISP_AREA":"NO","ADM0_CODE":243,"ADM0_NAME":"Togo","SHAPE_LENG":2.20722527483,"SHAPE_AREA":0.19062923973}},{"type":"Polygon","arcs":[[45,46,-45,47,48]],"properties":{"ADM2_CODE":65275,"ADM2_NAME":"Blitta","STR2_YEAR":1995,"EXP2_YEAR":3000,"ADM1_CODE":2970,"ADM1_NAME":"Centrale","STATUS":"Member State","DISP_AREA":"NO","ADM0_CODE":243,"ADM0_NAME":"Togo","SHAPE_LENG":2.32101081543,"SHAPE_AREA":0.26369418844}},{"type":"Polygon","arcs":[[-5,-2,-49,49,50]],"properties":{"ADM2_CODE":65285,"ADM2_NAME":"Sotouboua","STR2_YEAR":1995,"EXP2_YEAR":3000,"ADM1_CODE":2970,"ADM1_NAME":"Centrale","STATUS":"Member State","DISP_AREA":"NO","ADM0_CODE":243,"ADM0_NAME":"Togo","SHAPE_LENG":2.98232929066,"SHAPE_AREA":0.36475123746}},{"type":"Polygon","arcs":[[-10,-6,-51,51,52,-16,-24]],"properties":{"ADM2_CODE":65274,"ADM2_NAME":"Bassar","STR2_YEAR":1995,"EXP2_YEAR":3000,"ADM1_CODE":2971,"ADM1_NAME":"Kara","STATUS":"Member State","DISP_AREA":"NO","ADM0_CODE":243,"ADM0_NAME":"Togo","SHAPE_LENG":2.66003922729,"SHAPE_AREA":0.26899067079}},{"type":"Polygon","arcs":[[53,-20,-17,-53,54]],"properties":{"ADM2_CODE":65276,"ADM2_NAME":"Dankpen","STR2_YEAR":1995,"EXP2_YEAR":3000,"ADM1_CODE":2971,"ADM1_NAME":"Kara","STATUS":"Member State","DISP_AREA":"NO","ADM0_CODE":243,"ADM0_NAME":"Togo","SHAPE_LENG":2.90996160809,"SHAPE_AREA":0.21862405467}},{"type":"Polygon","arcs":[[-27,55,56,57]],"properties":{"ADM2_CODE":65273,"ADM2_NAME":"Ave","STR2_YEAR":1995,"EXP2_YEAR":3000,"ADM1_CODE":2972,"ADM1_NAME":"Maritime","STATUS":"Member State","DISP_AREA":"NO","ADM0_CODE":243,"ADM0_NAME":"Togo","SHAPE_LENG":1.53823091896,"SHAPE_AREA":0.07408702184}},{"type":"Polygon","arcs":[[-35,-33,-29,-28,-58,58,59]],"properties":{"ADM2_CODE":65288,"ADM2_NAME":"Zio","STR2_YEAR":1995,"EXP2_YEAR":3000,"ADM1_CODE":2972,"ADM1_NAME":"Maritime","STATUS":"Member State","DISP_AREA":"NO","ADM0_CODE":243,"ADM0_NAME":"Togo","SHAPE_LENG":2.02222708682,"SHAPE_AREA":0.18510646511}},{"type":"Polygon","arcs":[[60,-59,-57,61,62]],"properties":{"ADM2_CODE":65272,"ADM2_NAME":"Agou","STR2_YEAR":1995,"EXP2_YEAR":3000,"ADM1_CODE":2973,"ADM1_NAME":"Plateaux","STATUS":"Member State","DISP_AREA":"NO","ADM0_CODE":243,"ADM0_NAME":"Togo","SHAPE_LENG":1.31563289008,"SHAPE_AREA":0.0823977204}},{"type":"Polygon","arcs":[[63,64,-43,-39]],"properties":{"ADM2_CODE":65277,"ADM2_NAME":"Danyi","STR2_YEAR":1995,"EXP2_YEAR":3000,"ADM1_CODE":2973,"ADM1_NAME":"Plateaux","STATUS":"Member State","DISP_AREA":"NO","ADM0_CODE":243,"ADM0_NAME":"Togo","SHAPE_LENG":0.86683733989,"SHAPE_AREA":0.02975149037}},{"type":"Polygon","arcs":[[65,66,-46,-1]],"properties":{"ADM2_CODE":65278,"ADM2_NAME":"Est-Mono","STR2_YEAR":1995,"EXP2_YEAR":3000,"ADM1_CODE":2973,"ADM1_NAME":"Plateaux","STATUS":"Member State","DISP_AREA":"NO","ADM0_CODE":243,"ADM0_NAME":"Togo","SHAPE_LENG":1.96143302956,"SHAPE_AREA":0.1925477425}},{"type":"Polygon","arcs":[[67,-36,-60,-61,68,69,70]],"properties":{"ADM2_CODE":65279,"ADM2_NAME":"Haho","STR2_YEAR":1995,"EXP2_YEAR":3000,"ADM1_CODE":2973,"ADM1_NAME":"Plateaux","STATUS":"Member State","DISP_AREA":"NO","ADM0_CODE":243,"ADM0_NAME":"Togo","SHAPE_LENG":2.214270976,"SHAPE_AREA":0.22801505062}},{"type":"Polygon","arcs":[[71,-69,-63,72,-64,-38]],"properties":{"ADM2_CODE":65280,"ADM2_NAME":"Kloto","STR2_YEAR":1995,"EXP2_YEAR":3000,"ADM1_CODE":2973,"ADM1_NAME":"Plateaux","STATUS":"Member State","DISP_AREA":"NO","ADM0_CODE":243,"ADM0_NAME":"Togo","SHAPE_LENG":2.01683536612,"SHAPE_AREA":0.12964192214}},{"type":"Polygon","arcs":[[-71,73,74]],"properties":{"ADM2_CODE":65282,"ADM2_NAME":"Moyen-Mono","STR2_YEAR":1995,"EXP2_YEAR":3000,"ADM1_CODE":2973,"ADM1_NAME":"Plateaux","STATUS":"Member State","DISP_AREA":"NO","ADM0_CODE":243,"ADM0_NAME":"Togo","SHAPE_LENG":1.17726474402,"SHAPE_AREA":0.04811385792}},{"type":"Polygon","arcs":[[75,-74,-70,-72,-41,-42,-47,-67]],"properties":{"ADM2_CODE":65283,"ADM2_NAME":"Ogou","STR2_YEAR":1995,"EXP2_YEAR":3000,"ADM1_CODE":2973,"ADM1_NAME":"Plateaux","STATUS":"Member State","DISP_AREA":"NO","ADM0_CODE":243,"ADM0_NAME":"Togo","SHAPE_LENG":3.11943950501,"SHAPE_AREA":0.35948612226}},{"type":"Polygon","arcs":[[76,77,78]],"properties":{"ADM2_CODE":65281,"ADM2_NAME":"Kpendjal","STR2_YEAR":1995,"EXP2_YEAR":3000,"ADM1_CODE":2974,"ADM1_NAME":"Savanes","STATUS":"Member State","DISP_AREA":"NO","ADM0_CODE":243,"ADM0_NAME":"Togo","SHAPE_LENG":1.87216883792,"SHAPE_AREA":0.15076635896}},{"type":"Polygon","arcs":[[-21,-54,79,80,-77,81]],"properties":{"ADM2_CODE":65284,"ADM2_NAME":"Oti","STR2_YEAR":1995,"EXP2_YEAR":3000,"ADM1_CODE":2974,"ADM1_NAME":"Savanes","STATUS":"Member State","DISP_AREA":"NO","ADM0_CODE":243,"ADM0_NAME":"Togo","SHAPE_LENG":3.27537518549,"SHAPE_AREA":0.36462404988}},{"type":"Polygon","arcs":[[-81,82,83]],"properties":{"ADM2_CODE":65286,"ADM2_NAME":"Tandjouare","STR2_YEAR":1995,"EXP2_YEAR":3000,"ADM1_CODE":2974,"ADM1_NAME":"Savanes","STATUS":"Member State","DISP_AREA":"NO","ADM0_CODE":243,"ADM0_NAME":"Togo","SHAPE_LENG":1.41198278426,"SHAPE_AREA":0.07805214183}},{"type":"Polygon","arcs":[[-78,-84,84]],"properties":{"ADM2_CODE":65287,"ADM2_NAME":"Tone","STR2_YEAR":1995,"EXP2_YEAR":3000,"ADM1_CODE":2974,"ADM1_NAME":"Savanes","STATUS":"Member State","DISP_AREA":"NO","ADM0_CODE":243,"ADM0_NAME":"Togo","SHAPE_LENG":2.09970615718,"SHAPE_AREA":0.12224737011}}],"bbox":[-0.143020000999854,6.107619141000157,1.8066900000000001,11.13898]}},"arcs":[[[2524,2923],[-563,10]],[[1961,2933],[-10,66],[24,82],[15,173],[18,65],[-18,12]],[[1990,3331],[34,70],[46,31],[32,62],[-24,50],[50,92],[28,6],[-6,36],[28,55],[-11,70],[26,30],[30,81],[-21,83],[56,52],[21,56]],[[2279,4105],[17,-32],[91,-83],[48,-26],[84,-129],[17,-93],[-11,-57],[11,-59],[5,-149],[-5,-259],[2,-97],[27,-53],[-28,-37],[-13,-108]],[[1990,3331],[-47,13],[-56,66],[-81,-11],[-77,16],[-111,82],[-28,96],[-32,30],[-65,23],[-39,103]],[[1454,3749],[123,23],[62,61],[-22,49],[-2,87],[47,51]],[[1662,4020],[107,21],[116,-22],[90,9],[153,42],[33,-1],[91,60]],[[2252,4129],[27,-24]],[[2209,4294],[1,-15],[2,-76],[40,-74]],[[1662,4020],[21,35],[-15,62],[-93,62],[-2,62],[39,90]],[[1612,4331],[39,-54],[145,-10],[50,35],[76,-12],[51,24],[79,-15],[123,21],[34,-26]],[[2153,4373],[-132,63],[49,129],[-2,46],[-87,59],[2,32],[-46,40]],[[1937,4742],[62,109],[62,42],[87,33]],[[2148,4926],[5,-111],[6,-280],[-35,-84],[29,-78]],[[1937,4742],[-78,-99],[-35,2],[-40,-38],[-71,-9],[-28,-20],[-65,-7],[-105,8]],[[1515,4579],[-4,11]],[[1511,4590],[-50,25],[-27,54],[17,19],[-21,34],[4,70],[-32,33],[16,21]],[[1418,4846],[60,24],[26,-22],[63,-9],[72,23],[76,-18],[37,29],[3,34],[62,47],[17,48],[46,68],[3,107]],[[1883,5177],[260,-139],[5,-112]],[[1418,4846],[1,34],[-61,-4],[-56,22],[-40,-61],[-71,1],[-15,39]],[[1176,4877],[-18,78],[30,71],[-1,56],[24,64],[56,80],[-14,30],[70,14],[31,-34],[66,37],[68,-21],[21,27],[93,-3],[31,48]],[[1633,5324],[128,-81],[122,-66]],[[2153,4373],[40,14],[16,-93]],[[1612,4331],[31,86],[4,95],[-70,38],[-41,-3],[-21,32]],[[2205,138],[4,-55]],[[2209,83],[-143,-37],[-145,-46],[1,79],[-136,-1]],[[1786,78],[14,119]],[[1800,197],[37,34],[104,-28],[64,-83],[61,-12],[61,21],[78,9]],[[2205,138],[10,48]],[[2215,186],[82,-46],[49,-7],[53,20],[73,7],[4,53],[26,41],[-9,75],[34,12],[-3,41],[-40,35],[-45,110],[-35,47]],[[2404,574],[42,20],[120,-3],[17,25]],[[2583,616],[5,-27],[43,-13],[-1,-68],[50,-18],[32,-47],[29,-39],[-1,-55],[49,-120],[-53,-3],[-86,-32],[-114,-20],[-3,-21],[-176,-34],[-148,-36]],[[2215,186],[-26,71],[-30,151]],[[2159,408],[43,31],[72,99],[130,36]],[[2159,408],[-37,71],[-49,53],[-21,81],[17,100],[-87,41],[-3,41]],[[1979,795],[97,84],[97,61],[50,14],[95,-19],[70,29],[35,54],[53,24]],[[2476,1042],[27,-38],[-11,-108],[13,-24],[26,-27],[-50,-62],[-23,-31],[39,-29],[10,-78],[45,-30],[31,1]],[[1614,1440],[-45,80],[-45,15],[-188,-3]],[[1336,1532],[-16,15],[-6,81],[25,49]],[[1339,1677],[92,60],[47,44],[143,92],[10,31],[-111,30],[-22,32],[7,181],[34,92],[34,40],[134,46]],[[1707,2325],[53,-70],[24,-66],[56,-23],[19,-83],[-9,-58],[16,-59],[-57,-89],[0,-101],[30,-53],[-28,-64],[-21,-101],[-176,-118]],[[1683,2401],[24,-76]],[[1339,1677],[-100,-27],[-47,4],[-62,-23]],[[1130,1631],[-4,40],[-36,18],[-65,-25],[-51,41],[-16,93],[5,114],[12,30],[71,25],[9,98],[54,4],[-19,55],[16,25],[-17,37],[9,88],[-10,42]],[[1088,2316],[84,3],[41,35],[161,26],[24,30],[65,-14],[119,28],[101,-23]],[[1961,2933],[2,-90],[44,-136],[5,-55],[-20,-135],[-24,-41],[18,-20],[-62,-41],[-53,-10]],[[1871,2405],[-134,-22],[-54,18]],[[1088,2316],[-30,101],[3,64],[-21,84],[10,63],[24,35],[-29,55],[42,9],[30,57],[50,8],[17,23],[66,10],[0,72],[-29,15],[-1,38]],[[1220,2950],[32,-27],[70,49],[247,-43],[74,24],[180,-37],[41,42],[97,-25]],[[1220,2950],[-35,39],[-51,16],[6,40],[-38,62],[-85,22],[-13,32],[-86,31],[-42,32],[-126,182],[5,36],[-7,30],[63,-11],[38,40],[23,-26],[33,11],[17,58]],[[922,3544],[43,1],[33,34],[53,9],[-6,50],[62,35],[18,47],[40,2],[56,39],[23,43],[74,6],[10,-34],[126,-27]],[[922,3544],[32,45],[-21,28],[3,45],[-27,22],[-54,106],[16,72],[27,28],[-15,41],[50,24],[31,56],[-40,59],[75,85],[-16,33],[26,80]],[[1009,4268],[132,59],[43,43],[-19,76],[112,38],[94,8],[25,49],[38,-5],[77,54]],[[788,5064],[28,-81],[58,-19],[81,-7],[-1,-46],[58,-39],[106,25],[58,-20]],[[1009,4268],[-16,23],[-75,18],[8,36],[-23,28],[-107,17],[-76,-1],[-33,-62],[-74,-28],[-53,12],[-25,34],[11,27],[50,-9],[54,28],[-40,31],[-54,-2],[-6,60],[167,0],[37,22],[-2,70],[-44,44],[-10,53],[-35,12],[53,157],[-9,66],[15,41],[36,11],[-43,77],[4,41],[69,-10]],[[1786,78],[-72,82],[-44,30],[-27,101],[-69,1],[-91,0],[-53,65],[-98,33],[-10,30],[-45,14],[-8,50],[-24,9],[-13,64]],[[1232,557],[76,4],[70,40],[89,90],[23,57]],[[1490,748],[38,-46],[9,-40],[122,-147],[72,-78],[5,-78],[-47,-31],[-11,-49],[82,-85],[40,3]],[[1490,748],[2,94],[-11,87]],[[1481,929],[328,-21],[112,-95],[58,-18]],[[1478,1052],[3,-123]],[[1232,557],[37,27],[-4,31],[-44,5],[-104,63],[8,31],[-6,111]],[[1119,825],[7,58],[-13,36],[122,108],[23,31],[5,82],[42,6],[71,-99],[39,-20],[63,25]],[[1336,1532],[-38,-16],[-13,-70],[-36,-64],[-193,-82]],[[1056,1300],[60,145],[7,58],[24,64],[-17,64]],[[2524,2923],[15,-32],[3,-172],[3,-285],[-3,-73]],[[2542,2361],[-91,11],[-84,-31],[-28,-76],[-4,-55],[-55,1],[-146,59],[-47,71],[-145,0],[-63,24],[-8,40]],[[2433,1152],[2,-33],[41,-77]],[[1478,1052],[26,112],[44,59],[76,38]],[[1624,1261],[86,23],[132,94],[43,10],[119,6],[65,19],[162,96],[70,7]],[[2301,1516],[-19,-28],[38,-82],[-52,-10],[-4,-56],[35,-51],[56,8],[9,-21],[95,-41],[-45,-25],[-7,-34],[26,-24]],[[1614,1440],[10,-179]],[[1119,825],[-45,3],[-59,48],[0,50],[-48,8],[3,62],[34,14],[6,48],[-55,21],[-4,39],[81,30],[32,38],[-7,48],[24,56],[-25,10]],[[2301,1516],[99,13],[34,21],[111,124]],[[2545,1674],[3,-342],[5,-184],[-120,4]],[[2542,2361],[-5,-136],[8,-31],[-7,-183],[28,-61],[3,-104],[33,-51],[-46,-12],[-11,-109]],[[1356,5975],[-73,4],[-217,-33],[-88,-32],[-99,35],[-132,-15],[-94,-1]],[[653,5933],[0,34],[31,66],[-43,-6],[-6,46],[122,161],[34,81],[-2,53]],[[789,6368],[26,-5],[106,-19],[8,-47],[-17,-54],[231,86],[366,-1],[-31,-98],[15,-44],[-22,-33],[-16,-73],[-99,-105]],[[788,5064],[13,47],[-32,30],[-48,7],[4,63],[-17,74],[15,90],[39,70],[-83,-7],[-64,142],[-113,-8]],[[502,5572],[-3,20],[44,144],[14,21],[70,28],[12,41],[31,16],[2,58],[-19,33]],[[1356,5975],[-11,-51],[12,-53],[1,-85],[-33,-85],[-12,-165],[193,-128],[127,-84]],[[502,5572],[-21,-14],[-51,79],[-20,81],[-118,45],[-29,51],[-144,41],[-40,106],[22,9],[-3,48]],[[98,6018],[51,13],[63,-5],[38,-42],[30,37],[-13,35],[27,20],[85,-15],[182,-102],[38,-30],[54,4]],[[98,6018],[75,81],[-4,78],[26,48],[1,55],[55,23],[-14,135],[-36,30],[-156,-19],[-45,14],[1,49],[51,-10],[284,-53],[453,-81]]],"bbox":[-0.143020000999854,6.107619141000157,1.8066900000000001,11.13898]}