[{"0":"280","ConstId":"280","1":"1","PolPartyId":"1","2":"Awami League","StatusText":"Awami League","3":"#324587","StatusColor":"#324587"},{"0":"168","ConstId":"168","1":"1","PolPartyId":"1","2":"Awami League","StatusText":"Awami League","3":"#324587","StatusColor":"#324587"},{"0":"252","ConstId":"252","1":"1","PolPartyId":"1","2":"Awami League","StatusText":"Awami League","3":"#324587","StatusColor":"#324587"},{"0":"124","ConstId":"124","1":"30","PolPartyId":"30","2":"Jatiyo Party","StatusText":"Jatiyo Party","3":"#A8252A","StatusColor":"#A8252A"},{"0":"248","ConstId":"248","1":"1","PolPartyId":"1","2":"Awami League","StatusText":"Awami League","3":"#324587","StatusColor":"#324587"},{"0":"104","ConstId":"104","1":"1","PolPartyId":"1","2":"Awami League","StatusText":"Awami League","3":"#324587","StatusColor":"#324587"},{"0":"257","ConstId":"257","1":"1","PolPartyId":"1","2":"Awami League","StatusText":"Awami League","3":"#324587","StatusColor":"#324587"},{"0":"195","ConstId":"195","1":"1","PolPartyId":"1","2":"Awami League","StatusText":"Awami League","3":"#324587","StatusColor":"#324587"},{"0":"44","ConstId":"44","1":"1","PolPartyId":"1","2":"Awami League","StatusText":"Awami League","3":"#324587","StatusColor":"#324587"},{"0":"29","ConstId":"29","1":"30","PolPartyId":"30","2":"Jatiyo Party","StatusText":"Jatiyo Party","3":"#A8252A","StatusColor":"#A8252A"},{"0":"143","ConstId":"143","1":"1","PolPartyId":"1","2":"Awami League","StatusText":"Awami League","3":"#324587","StatusColor":"#324587"},{"0":"10","ConstId":"10","1":"1","PolPartyId":"1","2":"Awami League","StatusText":"Awami League","3":"#324587","StatusColor":"#324587"},{"0":"82","ConstId":"82","1":"1","PolPartyId":"1","2":"Awami League","StatusText":"Awami League","3":"#324587","StatusColor":"#324587"},{"0":"235","ConstId":"235","1":"1","PolPartyId":"1","2":"Awami League","StatusText":"Awami League","3":"#324587","StatusColor":"#324587"},{"0":"261","ConstId":"261","1":"1","PolPartyId":"1","2":"Awami League","StatusText":"Awami League","3":"#324587","StatusColor":"#324587"},{"0":"96","ConstId":"96","1":"1","PolPartyId":"1","2":"Awami League","StatusText":"Awami League","3":"#324587","StatusColor":"#324587"},{"0":"140","ConstId":"140","1":"1","PolPartyId":"1","2":"Awami League","StatusText":"Awami League","3":"#324587","StatusColor":"#324587"},{"0":"179","ConstId":"179","1":"1","PolPartyId":"1","2":"Awami League","StatusText":"Awami League","3":"#324587","StatusColor":"#324587"},{"0":"224","ConstId":"224","1":"1","PolPartyId":"1","2":"Awami League","StatusText":"Awami League","3":"#324587","StatusColor":"#324587"},{"0":"156","ConstId":"156","1":"1","PolPartyId":"1","2":"Awami League","StatusText":"Awami League","3":"#324587","StatusColor":"#324587"},{"0":"43","ConstId":"43","1":"1","PolPartyId":"1","2":"Awami League","StatusText":"Awami League","3":"#324587","StatusColor":"#324587"},{"0":"215","ConstId":"215","1":"1","PolPartyId":"1","2":"Awami League","StatusText":"Awami League","3":"#324587","StatusColor":"#324587"},{"0":"273","ConstId":"273","1":"24","PolPartyId":"24","2":"Independent","StatusText":"Independent","3":"#006666","StatusColor":"#006666"},{"0":"283","ConstId":"283","1":"1","PolPartyId":"1","2":"Awami League","StatusText":"Awami League","3":"#324587","StatusColor":"#324587"},{"0":"199","ConstId":"199","1":"1","PolPartyId":"1","2":"Awami League","StatusText":"Awami League","3":"#324587","StatusColor":"#324587"},{"0":"243","ConstId":"243","1":"1","PolPartyId":"1","2":"Awami League","StatusText":"Awami League","3":"#324587","StatusColor":"#324587"},{"0":"246","ConstId":"246","1":"1","PolPartyId":"1","2":"Awami League","StatusText":"Awami League","3":"#324587","StatusColor":"#324587"},{"0":"249","ConstId":"249","1":"1","PolPartyId":"1","2":"Awami League","StatusText":"Awami League","3":"#324587","StatusColor":"#324587"},{"0":"228","ConstId":"228","1":"1","PolPartyId":"1","2":"Awami League","StatusText":"Awami League","3":"#324587","StatusColor":"#324587"},{"0":"260","ConstId":"260","1":"1","PolPartyId":"1","2":"Awami League","StatusText":"Awami League","3":"#324587","StatusColor":"#324587"},{"0":"102","ConstId":"102","1":"1","PolPartyId":"1","2":"Awami League","StatusText":"Awami League","3":"#324587","StatusColor":"#324587"},{"0":"159","ConstId":"159","1":"1","PolPartyId":"1","2":"Awami League","StatusText":"Awami League","3":"#324587","StatusColor":"#324587"},{"0":"86","ConstId":"86","1":"1","PolPartyId":"1","2":"Awami League","StatusText":"Awami League","3":"#324587","StatusColor":"#324587"},{"0":"293","ConstId":"293","1":"14","PolPartyId":"14","2":"BNP","StatusText":"BNP","3":"#DE6C16","StatusColor":"#DE6C16"},{"0":"180","ConstId":"180","1":"1","PolPartyId":"1","2":"Awami League","StatusText":"Awami League","3":"#324587","StatusColor":"#324587"},{"0":"144","ConstId":"144","1":"1","PolPartyId":"1","2":"Awami League","StatusText":"Awami League","3":"#324587","StatusColor":"#324587"},{"0":"132","ConstId":"132","1":"1","PolPartyId":"1","2":"Awami League","StatusText":"Awami League","3":"#324587","StatusColor":"#324587"},{"0":"148","ConstId":"148","1":"1","PolPartyId":"1","2":"Awami League","StatusText":"Awami League","3":"#324587","StatusColor":"#324587"},{"0":"287","ConstId":"287","1":"1","PolPartyId":"1","2":"Awami League","StatusText":"Awami League","3":"#324587","StatusColor":"#324587"},{"0":"30","ConstId":"30","1":"1","PolPartyId":"1","2":"Awami League","StatusText":"Awami League","3":"#324587","StatusColor":"#324587"},{"0":"49","ConstId":"49","1":"24","PolPartyId":"24","2":"Independent","StatusText":"Independent","3":"#006666","StatusColor":"#006666"},{"0":"130","ConstId":"130","1":"1","PolPartyId":"1","2":"Awami League","StatusText":"Awami League","3":"#324587","StatusColor":"#324587"},{"0":"267","ConstId":"267","1":"14","PolPartyId":"14","2":"BNP","StatusText":"BNP","3":"#DE6C16","StatusColor":"#DE6C16"},{"0":"91","ConstId":"91","1":"1","PolPartyId":"1","2":"Awami League","StatusText":"Awami League","3":"#324587","StatusColor":"#324587"},{"0":"210","ConstId":"210","1":"1","PolPartyId":"1","2":"Awami League","StatusText":"Awami League","3":"#324587","StatusColor":"#324587"},{"0":"157","ConstId":"157","1":"1","PolPartyId":"1","2":"Awami League","StatusText":"Awami League","3":"#324587","StatusColor":"#324587"},{"0":"103","ConstId":"103","1":"1","PolPartyId":"1","2":"Awami League","StatusText":"Awami League","3":"#324587","StatusColor":"#324587"},{"0":"208","ConstId":"208","1":"30","PolPartyId":"30","2":"Jatiyo Party","StatusText":"Jatiyo Party","3":"#A8252A","StatusColor":"#A8252A"},{"0":"256","ConstId":"256","1":"1","PolPartyId":"1","2":"Awami League","StatusText":"Awami League","3":"#324587","StatusColor":"#324587"},{"0":"176","ConstId":"176","1":"1","PolPartyId":"1","2":"Awami League","StatusText":"Awami League","3":"#324587","StatusColor":"#324587"},{"0":"274","ConstId":"274","1":"14","PolPartyId":"14","2":"BNP","StatusText":"BNP","3":"#DE6C16","StatusColor":"#DE6C16"},{"0":"100","ConstId":"100","1":"14","PolPartyId":"14","2":"BNP","StatusText":"BNP","3":"#DE6C16","StatusColor":"#DE6C16"},{"0":"214","ConstId":"214","1":"1","PolPartyId":"1","2":"Awami League","StatusText":"Awami League","3":"#324587","StatusColor":"#324587"},{"0":"236","ConstId":"236","1":"30","PolPartyId":"30","2":"Jatiyo Party","StatusText":"Jatiyo Party","3":"#A8252A","StatusColor":"#A8252A"},{"0":"99","ConstId":"99","1":"1","PolPartyId":"1","2":"Awami League","StatusText":"Awami League","3":"#324587","StatusColor":"#324587"},{"0":"218","ConstId":"218","1":"1","PolPartyId":"1","2":"Awami League","StatusText":"Awami League","3":"#324587","StatusColor":"#324587"},{"0":"285","ConstId":"285","1":"1","PolPartyId":"1","2":"Awami League","StatusText":"Awami League","3":"#324587","StatusColor":"#324587"},{"0":"234","ConstId":"234","1":"1","PolPartyId":"1","2":"Awami League","StatusText":"Awami League","3":"#324587","StatusColor":"#324587"},{"0":"202","ConstId":"202","1":"1","PolPartyId":"1","2":"Awami League","StatusText":"Awami League","3":"#324587","StatusColor":"#324587"},{"0":"52","ConstId":"52","1":"1","PolPartyId":"1","2":"Awami League","StatusText":"Awami League","3":"#324587","StatusColor":"#324587"},{"0":"255","ConstId":"255","1":"1","PolPartyId":"1","2":"Awami League","StatusText":"Awami League","3":"#324587","StatusColor":"#324587"},{"0":"254","ConstId":"254","1":"1","PolPartyId":"1","2":"Awami League","StatusText":"Awami League","3":"#324587","StatusColor":"#324587"},{"0":"277","ConstId":"277","1":"14","PolPartyId":"14","2":"BNP","StatusText":"BNP","3":"#DE6C16","StatusColor":"#DE6C16"},{"0":"282","ConstId":"282","1":"1","PolPartyId":"1","2":"Awami League","StatusText":"Awami League","3":"#324587","StatusColor":"#324587"},{"0":"258","ConstId":"258","1":"1","PolPartyId":"1","2":"Awami League","StatusText":"Awami League","3":"#324587","StatusColor":"#324587"},{"0":"295","ConstId":"295","1":"5","PolPartyId":"5","2":"Jamat","StatusText":"Jamat","3":"#827968","StatusColor":"#827968"},{"0":"37","ConstId":"37","1":"14","PolPartyId":"14","2":"BNP","StatusText":"BNP","3":"#DE6C16","StatusColor":"#DE6C16"},{"0":"127","ConstId":"127","1":"1","PolPartyId":"1","2":"Awami League","StatusText":"Awami League","3":"#324587","StatusColor":"#324587"},{"0":"145","ConstId":"145","1":"1","PolPartyId":"1","2":"Awami League","StatusText":"Awami League","3":"#324587","StatusColor":"#324587"},{"0":"194","ConstId":"194","1":"1","PolPartyId":"1","2":"Awami League","StatusText":"Awami League","3":"#324587","StatusColor":"#324587"},{"0":"107","ConstId":"107","1":"1","PolPartyId":"1","2":"Awami League","StatusText":"Awami League","3":"#324587","StatusColor":"#324587"},{"0":"25","ConstId":"25","1":"30","PolPartyId":"30","2":"Jatiyo Party","StatusText":"Jatiyo Party","3":"#A8252A","StatusColor":"#A8252A"},{"0":"291","ConstId":"291","1":"5","PolPartyId":"5","2":"Jamat","StatusText":"Jamat","3":"#827968","StatusColor":"#827968"},{"0":"112","ConstId":"112","1":"1","PolPartyId":"1","2":"Awami League","StatusText":"Awami League","3":"#324587","StatusColor":"#324587"},{"0":"69","ConstId":"69","1":"1","PolPartyId":"1","2":"Awami League","StatusText":"Awami League","3":"#324587","StatusColor":"#324587"},{"0":"133","ConstId":"133","1":"1","PolPartyId":"1","2":"Awami League","StatusText":"Awami League","3":"#324587","StatusColor":"#324587"},{"0":"84","ConstId":"84","1":"1","PolPartyId":"1","2":"Awami League","StatusText":"Awami League","3":"#324587","StatusColor":"#324587"},{"0":"36","ConstId":"36","1":"1","PolPartyId":"1","2":"Awami League","StatusText":"Awami League","3":"#324587","StatusColor":"#324587"},{"0":"174","ConstId":"174","1":"1","PolPartyId":"1","2":"Awami League","StatusText":"Awami League","3":"#324587","StatusColor":"#324587"},{"0":"253","ConstId":"253","1":"1","PolPartyId":"1","2":"Awami League","StatusText":"Awami League","3":"#324587","StatusColor":"#324587"},{"0":"38","ConstId":"38","1":"14","PolPartyId":"14","2":"BNP","StatusText":"BNP","3":"#DE6C16","StatusColor":"#DE6C16"},{"0":"118","ConstId":"118","1":"1","PolPartyId":"1","2":"Awami League","StatusText":"Awami League","3":"#324587","StatusColor":"#324587"},{"0":"206","ConstId":"206","1":"1","PolPartyId":"1","2":"Awami League","StatusText":"Awami League","3":"#324587","StatusColor":"#324587"},{"0":"297","ConstId":"297","1":"1","PolPartyId":"1","2":"Awami League","StatusText":"Awami League","3":"#324587","StatusColor":"#324587"},{"0":"138","ConstId":"138","1":"1","PolPartyId":"1","2":"Awami League","StatusText":"Awami League","3":"#324587","StatusColor":"#324587"},{"0":"229","ConstId":"229","1":"1","PolPartyId":"1","2":"Awami League","StatusText":"Awami League","3":"#324587","StatusColor":"#324587"},{"0":"244","ConstId":"244","1":"30","PolPartyId":"30","2":"Jatiyo Party","StatusText":"Jatiyo Party","3":"#A8252A","StatusColor":"#A8252A"},{"0":"75","ConstId":"75","1":"1","PolPartyId":"1","2":"Awami League","StatusText":"Awami League","3":"#324587","StatusColor":"#324587"},{"0":"27","ConstId":"27","1":"30","PolPartyId":"30","2":"Jatiyo Party","StatusText":"Jatiyo Party","3":"#A8252A","StatusColor":"#A8252A"},{"0":"183","ConstId":"183","1":"1","PolPartyId":"1","2":"Awami League","StatusText":"Awami League","3":"#324587","StatusColor":"#324587"},{"0":"289","ConstId":"289","1":"1","PolPartyId":"1","2":"Awami League","StatusText":"Awami League","3":"#324587","StatusColor":"#324587"},{"0":"4","ConstId":"4","1":"1","PolPartyId":"1","2":"Awami League","StatusText":"Awami League","3":"#324587","StatusColor":"#324587"},{"0":"163","ConstId":"163","1":"1","PolPartyId":"1","2":"Awami League","StatusText":"Awami League","3":"#324587","StatusColor":"#324587"},{"0":"196","ConstId":"196","1":"1","PolPartyId":"1","2":"Awami League","StatusText":"Awami League","3":"#324587","StatusColor":"#324587"},{"0":"126","ConstId":"126","1":"1","PolPartyId":"1","2":"Awami League","StatusText":"Awami League","3":"#324587","StatusColor":"#324587"},{"0":"242","ConstId":"242","1":"1","PolPartyId":"1","2":"Awami League","StatusText":"Awami League","3":"#324587","StatusColor":"#324587"},{"0":"115","ConstId":"115","1":"6","PolPartyId":"6","2":"BJP","StatusText":"BJP","3":"#2B93CA","StatusColor":"#2B93CA"},{"0":"281","ConstId":"281","1":"30","PolPartyId":"30","2":"Jatiyo Party","StatusText":"Jatiyo Party","3":"#A8252A","StatusColor":"#A8252A"},{"0":"20","ConstId":"20","1":"30","PolPartyId":"30","2":"Jatiyo Party","StatusText":"Jatiyo Party","3":"#A8252A","StatusColor":"#A8252A"},{"0":"200","ConstId":"200","1":"1","PolPartyId":"1","2":"Awami League","StatusText":"Awami League","3":"#324587","StatusColor":"#324587"},{"0":"13","ConstId":"13","1":"1","PolPartyId":"1","2":"Awami League","StatusText":"Awami League","3":"#324587","StatusColor":"#324587"},{"0":"184","ConstId":"184","1":"1","PolPartyId":"1","2":"Awami League","StatusText":"Awami League","3":"#324587","StatusColor":"#324587"},{"0":"11","ConstId":"11","1":"1","PolPartyId":"1","2":"Awami League","StatusText":"Awami League","3":"#324587","StatusColor":"#324587"},{"0":"221","ConstId":"221","1":"1","PolPartyId":"1","2":"Awami League","StatusText":"Awami League","3":"#324587","StatusColor":"#324587"},{"0":"270","ConstId":"270","1":"14","PolPartyId":"14","2":"BNP","StatusText":"BNP","3":"#DE6C16","StatusColor":"#DE6C16"},{"0":"125","ConstId":"125","1":"1","PolPartyId":"1","2":"Awami League","StatusText":"Awami League","3":"#324587","StatusColor":"#324587"},{"0":"41","ConstId":"41","1":"14","PolPartyId":"14","2":"BNP","StatusText":"BNP","3":"#DE6C16","StatusColor":"#DE6C16"},{"0":"42","ConstId":"42","1":"14","PolPartyId":"14","2":"BNP","StatusText":"BNP","3":"#DE6C16","StatusColor":"#DE6C16"},{"0":"265","ConstId":"265","1":"14","PolPartyId":"14","2":"BNP","StatusText":"BNP","3":"#DE6C16","StatusColor":"#DE6C16"},{"0":"227","ConstId":"227","1":"30","PolPartyId":"30","2":"Jatiyo Party","StatusText":"Jatiyo Party","3":"#A8252A","StatusColor":"#A8252A"},{"0":"101","ConstId":"101","1":"1","PolPartyId":"1","2":"Awami League","StatusText":"Awami League","3":"#324587","StatusColor":"#324587"},{"0":"193","ConstId":"193","1":"1","PolPartyId":"1","2":"Awami League","StatusText":"Awami League","3":"#324587","StatusColor":"#324587"},{"0":"300","ConstId":"300","1":"1","PolPartyId":"1","2":"Awami League","StatusText":"Awami League","3":"#324587","StatusColor":"#324587"},{"0":"67","ConstId":"67","1":"1","PolPartyId":"1","2":"Awami League","StatusText":"Awami League","3":"#324587","StatusColor":"#324587"},{"0":"15","ConstId":"15","1":"1","PolPartyId":"1","2":"Awami League","StatusText":"Awami League","3":"#324587","StatusColor":"#324587"},{"0":"239","ConstId":"239","1":"1","PolPartyId":"1","2":"Awami League","StatusText":"Awami League","3":"#324587","StatusColor":"#324587"},{"0":"299","ConstId":"299","1":"1","PolPartyId":"1","2":"Awami League","StatusText":"Awami League","3":"#324587","StatusColor":"#324587"},{"0":"109","ConstId":"109","1":"1","PolPartyId":"1","2":"Awami League","StatusText":"Awami League","3":"#324587","StatusColor":"#324587"},{"0":"262","ConstId":"262","1":"1","PolPartyId":"1","2":"Awami League","StatusText":"Awami League","3":"#324587","StatusColor":"#324587"},{"0":"290","ConstId":"290","1":"36","PolPartyId":"36","2":"LDP","StatusText":"LDP","3":"#A7A9AC","StatusColor":"#A7A9AC"},{"0":"31","ConstId":"31","1":"30","PolPartyId":"30","2":"Jatiyo Party","StatusText":"Jatiyo Party","3":"#A8252A","StatusColor":"#A8252A"},{"0":"55","ConstId":"55","1":"1","PolPartyId":"1","2":"Awami League","StatusText":"Awami League","3":"#324587","StatusColor":"#324587"},{"0":"278","ConstId":"278","1":"1","PolPartyId":"1","2":"Awami League","StatusText":"Awami League","3":"#324587","StatusColor":"#324587"},{"0":"53","ConstId":"53","1":"18","PolPartyId":"18","2":"Workers Party","StatusText":"Workers Party","3":"#4F453B","StatusColor":"#4F453B"},{"0":"185","ConstId":"185","1":"1","PolPartyId":"1","2":"Awami League","StatusText":"Awami League","3":"#324587","StatusColor":"#324587"},{"0":"155","ConstId":"155","1":"1","PolPartyId":"1","2":"Awami League","StatusText":"Awami League","3":"#324587","StatusColor":"#324587"},{"0":"204","ConstId":"204","1":"1","PolPartyId":"1","2":"Awami League","StatusText":"Awami League","3":"#324587","StatusColor":"#324587"},{"0":"72","ConstId":"72","1":"1","PolPartyId":"1","2":"Awami League","StatusText":"Awami League","3":"#324587","StatusColor":"#324587"},{"0":"121","ConstId":"121","1":"30","PolPartyId":"30","2":"Jatiyo Party","StatusText":"Jatiyo Party","3":"#A8252A","StatusColor":"#A8252A"},{"0":"18","ConstId":"18","1":"30","PolPartyId":"30","2":"Jatiyo Party","StatusText":"Jatiyo Party","3":"#A8252A","StatusColor":"#A8252A"},{"0":"35","ConstId":"35","1":"14","PolPartyId":"14","2":"BNP","StatusText":"BNP","3":"#DE6C16","StatusColor":"#DE6C16"},{"0":"110","ConstId":"110","1":"1","PolPartyId":"1","2":"Awami League","StatusText":"Awami League","3":"#324587","StatusColor":"#324587"},{"0":"23","ConstId":"23","1":"1","PolPartyId":"1","2":"Awami League","StatusText":"Awami League","3":"#324587","StatusColor":"#324587"},{"0":"108","ConstId":"108","1":"30","PolPartyId":"30","2":"Jatiyo Party","StatusText":"Jatiyo Party","3":"#A8252A","StatusColor":"#A8252A"},{"0":"97","ConstId":"97","1":"1","PolPartyId":"1","2":"Awami League","StatusText":"Awami League","3":"#324587","StatusColor":"#324587"},{"0":"178","ConstId":"178","1":"1","PolPartyId":"1","2":"Awami League","StatusText":"Awami League","3":"#324587","StatusColor":"#324587"},{"0":"233","ConstId":"233","1":"1","PolPartyId":"1","2":"Awami League","StatusText":"Awami League","3":"#324587","StatusColor":"#324587"},{"0":"5","ConstId":"5","1":"30","PolPartyId":"30","2":"Jatiyo Party","StatusText":"Jatiyo Party","3":"#A8252A","StatusColor":"#A8252A"},{"0":"294","ConstId":"294","1":"14","PolPartyId":"14","2":"BNP","StatusText":"BNP","3":"#DE6C16","StatusColor":"#DE6C16"},{"0":"147","ConstId":"147","1":"1","PolPartyId":"1","2":"Awami League","StatusText":"Awami League","3":"#324587","StatusColor":"#324587"},{"0":"19","ConstId":"19","1":"30","PolPartyId":"30","2":"Jatiyo Party","StatusText":"Jatiyo Party","3":"#A8252A","StatusColor":"#A8252A"},{"0":"26","ConstId":"26","1":"30","PolPartyId":"30","2":"Jatiyo Party","StatusText":"Jatiyo Party","3":"#A8252A","StatusColor":"#A8252A"},{"0":"21","ConstId":"21","1":"30","PolPartyId":"30","2":"Jatiyo Party","StatusText":"Jatiyo Party","3":"#A8252A","StatusColor":"#A8252A"},{"0":"190","ConstId":"190","1":"30","PolPartyId":"30","2":"Jatiyo Party","StatusText":"Jatiyo Party","3":"#A8252A","StatusColor":"#A8252A"},{"0":"232","ConstId":"232","1":"1","PolPartyId":"1","2":"Awami League","StatusText":"Awami League","3":"#324587","StatusColor":"#324587"},{"0":"12","ConstId":"12","1":"30","PolPartyId":"30","2":"Jatiyo Party","StatusText":"Jatiyo Party","3":"#A8252A","StatusColor":"#A8252A"},{"0":"186","ConstId":"186","1":"1","PolPartyId":"1","2":"Awami League","StatusText":"Awami League","3":"#324587","StatusColor":"#324587"},{"0":"170","ConstId":"170","1":"1","PolPartyId":"1","2":"Awami League","StatusText":"Awami League","3":"#324587","StatusColor":"#324587"},{"0":"298","ConstId":"298","1":"1","PolPartyId":"1","2":"Awami League","StatusText":"Awami League","3":"#324587","StatusColor":"#324587"},{"0":"266","ConstId":"266","1":"14","PolPartyId":"14","2":"BNP","StatusText":"BNP","3":"#DE6C16","StatusColor":"#DE6C16"},{"0":"150","ConstId":"150","1":"1","PolPartyId":"1","2":"Awami League","StatusText":"Awami League","3":"#324587","StatusColor":"#324587"},{"0":"77","ConstId":"77","1":"1","PolPartyId":"1","2":"Awami League","StatusText":"Awami League","3":"#324587","StatusColor":"#324587"},{"0":"251","ConstId":"251","1":"14","PolPartyId":"14","2":"BNP","StatusText":"BNP","3":"#DE6C16","StatusColor":"#DE6C16"},{"0":"188","ConstId":"188","1":"1","PolPartyId":"1","2":"Awami League","StatusText":"Awami League","3":"#324587","StatusColor":"#324587"},{"0":"14","ConstId":"14","1":"30","PolPartyId":"30","2":"Jatiyo Party","StatusText":"Jatiyo Party","3":"#A8252A","StatusColor":"#A8252A"},{"0":"209","ConstId":"209","1":"1","PolPartyId":"1","2":"Awami League","StatusText":"Awami League","3":"#324587","StatusColor":"#324587"},{"0":"7","ConstId":"7","1":"1","PolPartyId":"1","2":"Awami League","StatusText":"Awami League","3":"#324587","StatusColor":"#324587"},{"0":"89","ConstId":"89","1":"1","PolPartyId":"1","2":"Awami League","StatusText":"Awami League","3":"#324587","StatusColor":"#324587"},{"0":"135","ConstId":"135","1":"24","PolPartyId":"24","2":"Independent","StatusText":"Independent","3":"#006666","StatusColor":"#006666"},{"0":"131","ConstId":"131","1":"1","PolPartyId":"1","2":"Awami League","StatusText":"Awami League","3":"#324587","StatusColor":"#324587"},{"0":"213","ConstId":"213","1":"1","PolPartyId":"1","2":"Awami League","StatusText":"Awami League","3":"#324587","StatusColor":"#324587"},{"0":"245","ConstId":"245","1":"1","PolPartyId":"1","2":"Awami League","StatusText":"Awami League","3":"#324587","StatusColor":"#324587"},{"0":"296","ConstId":"296","1":"14","PolPartyId":"14","2":"BNP","StatusText":"BNP","3":"#DE6C16","StatusColor":"#DE6C16"},{"0":"226","ConstId":"226","1":"1","PolPartyId":"1","2":"Awami League","StatusText":"Awami League","3":"#324587","StatusColor":"#324587"},{"0":"173","ConstId":"173","1":"1","PolPartyId":"1","2":"Awami League","StatusText":"Awami League","3":"#324587","StatusColor":"#324587"},{"0":"250","ConstId":"250","1":"14","PolPartyId":"14","2":"BNP","StatusText":"BNP","3":"#DE6C16","StatusColor":"#DE6C16"},{"0":"106","ConstId":"106","1":"30","PolPartyId":"30","2":"Jatiyo Party","StatusText":"Jatiyo Party","3":"#A8252A","StatusColor":"#A8252A"},{"0":"198","ConstId":"198","1":"1","PolPartyId":"1","2":"Awami League","StatusText":"Awami League","3":"#324587","StatusColor":"#324587"},{"0":"231","ConstId":"231","1":"1","PolPartyId":"1","2":"Awami League","StatusText":"Awami League","3":"#324587","StatusColor":"#324587"},{"0":"154","ConstId":"154","1":"1","PolPartyId":"1","2":"Awami League","StatusText":"Awami League","3":"#324587","StatusColor":"#324587"},{"0":"6","ConstId":"6","1":"1","PolPartyId":"1","2":"Awami League","StatusText":"Awami League","3":"#324587","StatusColor":"#324587"},{"0":"240","ConstId":"240","1":"1","PolPartyId":"1","2":"Awami League","StatusText":"Awami League","3":"#324587","StatusColor":"#324587"},{"0":"9","ConstId":"9","1":"1","PolPartyId":"1","2":"Awami League","StatusText":"Awami League","3":"#324587","StatusColor":"#324587"},{"0":"8","ConstId":"8","1":"1","PolPartyId":"1","2":"Awami League","StatusText":"Awami League","3":"#324587","StatusColor":"#324587"},{"0":"32","ConstId":"32","1":"1","PolPartyId":"1","2":"Awami League","StatusText":"Awami League","3":"#324587","StatusColor":"#324587"},{"0":"34","ConstId":"34","1":"14","PolPartyId":"14","2":"BNP","StatusText":"BNP","3":"#DE6C16","StatusColor":"#DE6C16"},{"0":"28","ConstId":"28","1":"1","PolPartyId":"1","2":"Awami League","StatusText":"Awami League","3":"#324587","StatusColor":"#324587"},{"0":"81","ConstId":"81","1":"1","PolPartyId":"1","2":"Awami League","StatusText":"Awami League","3":"#324587","StatusColor":"#324587"},{"0":"165","ConstId":"165","1":"1","PolPartyId":"1","2":"Awami League","StatusText":"Awami League","3":"#324587","StatusColor":"#324587"},{"0":"50","ConstId":"50","1":"1","PolPartyId":"1","2":"Awami League","StatusText":"Awami League","3":"#324587","StatusColor":"#324587"},{"0":"66","ConstId":"66","1":"1","PolPartyId":"1","2":"Awami League","StatusText":"Awami League","3":"#324587","StatusColor":"#324587"},{"0":"61","ConstId":"61","1":"1","PolPartyId":"1","2":"Awami League","StatusText":"Awami League","3":"#324587","StatusColor":"#324587"},{"0":"45","ConstId":"45","1":"1","PolPartyId":"1","2":"Awami League","StatusText":"Awami League","3":"#324587","StatusColor":"#324587"},{"0":"56","ConstId":"56","1":"1","PolPartyId":"1","2":"Awami League","StatusText":"Awami League","3":"#324587","StatusColor":"#324587"},{"0":"211","ConstId":"211","1":"1","PolPartyId":"1","2":"Awami League","StatusText":"Awami League","3":"#324587","StatusColor":"#324587"},{"0":"223","ConstId":"223","1":"1","PolPartyId":"1","2":"Awami League","StatusText":"Awami League","3":"#324587","StatusColor":"#324587"},{"0":"153","ConstId":"153","1":"1","PolPartyId":"1","2":"Awami League","StatusText":"Awami League","3":"#324587","StatusColor":"#324587"},{"0":"238","ConstId":"238","1":"1","PolPartyId":"1","2":"Awami League","StatusText":"Awami League","3":"#324587","StatusColor":"#324587"},{"0":"58","ConstId":"58","1":"30","PolPartyId":"30","2":"Jatiyo Party","StatusText":"Jatiyo Party","3":"#A8252A","StatusColor":"#A8252A"},{"0":"241","ConstId":"241","1":"1","PolPartyId":"1","2":"Awami League","StatusText":"Awami League","3":"#324587","StatusColor":"#324587"},{"0":"275","ConstId":"275","1":"14","PolPartyId":"14","2":"BNP","StatusText":"BNP","3":"#DE6C16","StatusColor":"#DE6C16"},{"0":"134","ConstId":"134","1":"30","PolPartyId":"30","2":"Jatiyo Party","StatusText":"Jatiyo Party","3":"#A8252A","StatusColor":"#A8252A"},{"0":"166","ConstId":"166","1":"1","PolPartyId":"1","2":"Awami League","StatusText":"Awami League","3":"#324587","StatusColor":"#324587"},{"0":"286","ConstId":"286","1":"1","PolPartyId":"1","2":"Awami League","StatusText":"Awami League","3":"#324587","StatusColor":"#324587"},{"0":"59","ConstId":"59","1":"1","PolPartyId":"1","2":"Awami League","StatusText":"Awami League","3":"#324587","StatusColor":"#324587"},{"0":"136","ConstId":"136","1":"1","PolPartyId":"1","2":"Awami League","StatusText":"Awami League","3":"#324587","StatusColor":"#324587"},{"0":"48","ConstId":"48","1":"1","PolPartyId":"1","2":"Awami League","StatusText":"Awami League","3":"#324587","StatusColor":"#324587"},{"0":"271","ConstId":"271","1":"1","PolPartyId":"1","2":"Awami League","StatusText":"Awami League","3":"#324587","StatusColor":"#324587"},{"0":"80","ConstId":"80","1":"1","PolPartyId":"1","2":"Awami League","StatusText":"Awami League","3":"#324587","StatusColor":"#324587"},{"0":"74","ConstId":"74","1":"14","PolPartyId":"14","2":"BNP","StatusText":"BNP","3":"#DE6C16","StatusColor":"#DE6C16"},{"0":"51","ConstId":"51","1":"14","PolPartyId":"14","2":"BNP","StatusText":"BNP","3":"#DE6C16","StatusColor":"#DE6C16"},{"0":"129","ConstId":"129","1":"1","PolPartyId":"1","2":"Awami League","StatusText":"Awami League","3":"#324587","StatusColor":"#324587"},{"0":"158","ConstId":"158","1":"1","PolPartyId":"1","2":"Awami League","StatusText":"Awami League","3":"#324587","StatusColor":"#324587"},{"0":"187","ConstId":"187","1":"1","PolPartyId":"1","2":"Awami League","StatusText":"Awami League","3":"#324587","StatusColor":"#324587"},{"0":"189","ConstId":"189","1":"1","PolPartyId":"1","2":"Awami League","StatusText":"Awami League","3":"#324587","StatusColor":"#324587"},{"0":"139","ConstId":"139","1":"1","PolPartyId":"1","2":"Awami League","StatusText":"Awami League","3":"#324587","StatusColor":"#324587"},{"0":"33","ConstId":"33","1":"1","PolPartyId":"1","2":"Awami League","StatusText":"Awami League","3":"#324587","StatusColor":"#324587"},{"0":"113","ConstId":"113","1":"1","PolPartyId":"1","2":"Awami League","StatusText":"Awami League","3":"#324587","StatusColor":"#324587"},{"0":"40","ConstId":"40","1":"1","PolPartyId":"1","2":"Awami League","StatusText":"Awami League","3":"#324587","StatusColor":"#324587"},{"0":"263","ConstId":"263","1":"14","PolPartyId":"14","2":"BNP","StatusText":"BNP","3":"#DE6C16","StatusColor":"#DE6C16"},{"0":"64","ConstId":"64","1":"1","PolPartyId":"1","2":"Awami League","StatusText":"Awami League","3":"#324587","StatusColor":"#324587"},{"0":"117","ConstId":"117","1":"1","PolPartyId":"1","2":"Awami League","StatusText":"Awami League","3":"#324587","StatusColor":"#324587"},{"0":"167","ConstId":"167","1":"1","PolPartyId":"1","2":"Awami League","StatusText":"Awami League","3":"#324587","StatusColor":"#324587"},{"0":"73","ConstId":"73","1":"1","PolPartyId":"1","2":"Awami League","StatusText":"Awami League","3":"#324587","StatusColor":"#324587"},{"0":"93","ConstId":"93","1":"24","PolPartyId":"24","2":"Independent","StatusText":"Independent","3":"#006666","StatusColor":"#006666"},{"0":"175","ConstId":"175","1":"1","PolPartyId":"1","2":"Awami League","StatusText":"Awami League","3":"#324587","StatusColor":"#324587"},{"0":"87","ConstId":"87","1":"1","PolPartyId":"1","2":"Awami League","StatusText":"Awami League","3":"#324587","StatusColor":"#324587"},{"0":"114","ConstId":"114","1":"1","PolPartyId":"1","2":"Awami League","StatusText":"Awami League","3":"#324587","StatusColor":"#324587"},{"0":"120","ConstId":"120","1":"1","PolPartyId":"1","2":"Awami League","StatusText":"Awami League","3":"#324587","StatusColor":"#324587"},{"0":"54","ConstId":"54","1":"1","PolPartyId":"1","2":"Awami League","StatusText":"Awami League","3":"#324587","StatusColor":"#324587"},{"0":"122","ConstId":"122","1":"14","PolPartyId":"14","2":"BNP","StatusText":"BNP","3":"#DE6C16","StatusColor":"#DE6C16"},{"0":"123","ConstId":"123","1":"14","PolPartyId":"14","2":"BNP","StatusText":"BNP","3":"#DE6C16","StatusColor":"#DE6C16"},{"0":"1","ConstId":"1","1":"1","PolPartyId":"1","2":"Awami League","StatusText":"Awami League","3":"#324587","StatusColor":"#324587"},{"0":"17","ConstId":"17","1":"30","PolPartyId":"30","2":"Jatiyo Party","StatusText":"Jatiyo Party","3":"#A8252A","StatusColor":"#A8252A"},{"0":"70","ConstId":"70","1":"1","PolPartyId":"1","2":"Awami League","StatusText":"Awami League","3":"#324587","StatusColor":"#324587"},{"0":"16","ConstId":"16","1":"1","PolPartyId":"1","2":"Awami League","StatusText":"Awami League","3":"#324587","StatusColor":"#324587"},{"0":"98","ConstId":"98","1":"1","PolPartyId":"1","2":"Awami League","StatusText":"Awami League","3":"#324587","StatusColor":"#324587"},{"0":"259","ConstId":"259","1":"1","PolPartyId":"1","2":"Awami League","StatusText":"Awami League","3":"#324587","StatusColor":"#324587"},{"0":"141","ConstId":"141","1":"1","PolPartyId":"1","2":"Awami League","StatusText":"Awami League","3":"#324587","StatusColor":"#324587"},{"0":"151","ConstId":"151","1":"1","PolPartyId":"1","2":"Awami League","StatusText":"Awami League","3":"#324587","StatusColor":"#324587"},{"0":"164","ConstId":"164","1":"30","PolPartyId":"30","2":"Jatiyo Party","StatusText":"Jatiyo Party","3":"#A8252A","StatusColor":"#A8252A"},{"0":"205","ConstId":"205","1":"1","PolPartyId":"1","2":"Awami League","StatusText":"Awami League","3":"#324587","StatusColor":"#324587"},{"0":"2","ConstId":"2","1":"1","PolPartyId":"1","2":"Awami League","StatusText":"Awami League","3":"#324587","StatusColor":"#324587"},{"0":"272","ConstId":"272","1":"1","PolPartyId":"1","2":"Awami League","StatusText":"Awami League","3":"#324587","StatusColor":"#324587"},{"0":"142","ConstId":"142","1":"1","PolPartyId":"1","2":"Awami League","StatusText":"Awami League","3":"#324587","StatusColor":"#324587"},{"0":"83","ConstId":"83","1":"1","PolPartyId":"1","2":"Awami League","StatusText":"Awami League","3":"#324587","StatusColor":"#324587"},{"0":"65","ConstId":"65","1":"1","PolPartyId":"1","2":"Awami League","StatusText":"Awami League","3":"#324587","StatusColor":"#324587"},{"0":"128","ConstId":"128","1":"1","PolPartyId":"1","2":"Awami League","StatusText":"Awami League","3":"#324587","StatusColor":"#324587"},{"0":"276","ConstId":"276","1":"14","PolPartyId":"14","2":"BNP","StatusText":"BNP","3":"#DE6C16","StatusColor":"#DE6C16"},{"0":"47","ConstId":"47","1":"1","PolPartyId":"1","2":"Awami League","StatusText":"Awami League","3":"#324587","StatusColor":"#324587"},{"0":"111","ConstId":"111","1":"1","PolPartyId":"1","2":"Awami League","StatusText":"Awami League","3":"#324587","StatusColor":"#324587"},{"0":"68","ConstId":"68","1":"1","PolPartyId":"1","2":"Awami League","StatusText":"Awami League","3":"#324587","StatusColor":"#324587"},{"0":"57","ConstId":"57","1":"1","PolPartyId":"1","2":"Awami League","StatusText":"Awami League","3":"#324587","StatusColor":"#324587"},{"0":"222","ConstId":"222","1":"14","PolPartyId":"14","2":"BNP","StatusText":"BNP","3":"#DE6C16","StatusColor":"#DE6C16"},{"0":"146","ConstId":"146","1":"1","PolPartyId":"1","2":"Awami League","StatusText":"Awami League","3":"#324587","StatusColor":"#324587"},{"0":"3","ConstId":"3","1":"1","PolPartyId":"1","2":"Awami League","StatusText":"Awami League","3":"#324587","StatusColor":"#324587"},{"0":"88","ConstId":"88","1":"1","PolPartyId":"1","2":"Awami League","StatusText":"Awami League","3":"#324587","StatusColor":"#324587"},{"0":"181","ConstId":"181","1":"18","PolPartyId":"18","2":"Workers Party","StatusText":"Workers Party","3":"#4F453B","StatusColor":"#4F453B"},{"0":"203","ConstId":"203","1":"1","PolPartyId":"1","2":"Awami League","StatusText":"Awami League","3":"#324587","StatusColor":"#324587"},{"0":"160","ConstId":"160","1":"1","PolPartyId":"1","2":"Awami League","StatusText":"Awami League","3":"#324587","StatusColor":"#324587"},{"0":"63","ConstId":"63","1":"14","PolPartyId":"14","2":"BNP","StatusText":"BNP","3":"#DE6C16","StatusColor":"#DE6C16"},{"0":"169","ConstId":"169","1":"30","PolPartyId":"30","2":"Jatiyo Party","StatusText":"Jatiyo Party","3":"#A8252A","StatusColor":"#A8252A"},{"0":"182","ConstId":"182","1":"1","PolPartyId":"1","2":"Awami League","StatusText":"Awami League","3":"#324587","StatusColor":"#324587"},{"0":"172","ConstId":"172","1":"1","PolPartyId":"1","2":"Awami League","StatusText":"Awami League","3":"#324587","StatusColor":"#324587"},{"0":"191","ConstId":"191","1":"1","PolPartyId":"1","2":"Awami League","StatusText":"Awami League","3":"#324587","StatusColor":"#324587"},{"0":"279","ConstId":"279","1":"14","PolPartyId":"14","2":"BNP","StatusText":"BNP","3":"#DE6C16","StatusColor":"#DE6C16"},{"0":"288","ConstId":"288","1":"1","PolPartyId":"1","2":"Awami League","StatusText":"Awami League","3":"#324587","StatusColor":"#324587"},{"0":"177","ConstId":"177","1":"1","PolPartyId":"1","2":"Awami League","StatusText":"Awami League","3":"#324587","StatusColor":"#324587"},{"0":"220","ConstId":"220","1":"1","PolPartyId":"1","2":"Awami League","StatusText":"Awami League","3":"#324587","StatusColor":"#324587"},{"0":"46","ConstId":"46","1":"1","PolPartyId":"1","2":"Awami League","StatusText":"Awami League","3":"#324587","StatusColor":"#324587"},{"0":"230","ConstId":"230","1":"1","PolPartyId":"1","2":"Awami League","StatusText":"Awami League","3":"#324587","StatusColor":"#324587"},{"0":"219","ConstId":"219","1":"1","PolPartyId":"1","2":"Awami League","StatusText":"Awami League","3":"#324587","StatusColor":"#324587"},{"0":"71","ConstId":"71","1":"1","PolPartyId":"1","2":"Awami League","StatusText":"Awami League","3":"#324587","StatusColor":"#324587"},{"0":"207","ConstId":"207","1":"1","PolPartyId":"1","2":"Awami League","StatusText":"Awami League","3":"#324587","StatusColor":"#324587"},{"0":"85","ConstId":"85","1":"1","PolPartyId":"1","2":"Awami League","StatusText":"Awami League","3":"#324587","StatusColor":"#324587"},{"0":"216","ConstId":"216","1":"1","PolPartyId":"1","2":"Awami League","StatusText":"Awami League","3":"#324587","StatusColor":"#324587"},{"0":"24","ConstId":"24","1":"1","PolPartyId":"1","2":"Awami League","StatusText":"Awami League","3":"#324587","StatusColor":"#324587"},{"0":"95","ConstId":"95","1":"1","PolPartyId":"1","2":"Awami League","StatusText":"Awami League","3":"#324587","StatusColor":"#324587"},{"0":"217","ConstId":"217","1":"1","PolPartyId":"1","2":"Awami League","StatusText":"Awami League","3":"#324587","StatusColor":"#324587"},{"0":"137","ConstId":"137","1":"1","PolPartyId":"1","2":"Awami League","StatusText":"Awami League","3":"#324587","StatusColor":"#324587"},{"0":"92","ConstId":"92","1":"1","PolPartyId":"1","2":"Awami League","StatusText":"Awami League","3":"#324587","StatusColor":"#324587"},{"0":"94","ConstId":"94","1":"1","PolPartyId":"1","2":"Awami League","StatusText":"Awami League","3":"#324587","StatusColor":"#324587"},{"0":"90","ConstId":"90","1":"1","PolPartyId":"1","2":"Awami League","StatusText":"Awami League","3":"#324587","StatusColor":"#324587"},{"0":"105","ConstId":"105","1":"1","PolPartyId":"1","2":"Awami League","StatusText":"Awami League","3":"#324587","StatusColor":"#324587"},{"0":"79","ConstId":"79","1":"1","PolPartyId":"1","2":"Awami League","StatusText":"Awami League","3":"#324587","StatusColor":"#324587"},{"0":"171","ConstId":"171","1":"1","PolPartyId":"1","2":"Awami League","StatusText":"Awami League","3":"#324587","StatusColor":"#324587"},{"0":"78","ConstId":"78","1":"1","PolPartyId":"1","2":"Awami League","StatusText":"Awami League","3":"#324587","StatusColor":"#324587"},{"0":"225","ConstId":"225","1":"1","PolPartyId":"1","2":"Awami League","StatusText":"Awami League","3":"#324587","StatusColor":"#324587"},{"0":"162","ConstId":"162","1":"1","PolPartyId":"1","2":"Awami League","StatusText":"Awami League","3":"#324587","StatusColor":"#324587"},{"0":"237","ConstId":"237","1":"1","PolPartyId":"1","2":"Awami League","StatusText":"Awami League","3":"#324587","StatusColor":"#324587"},{"0":"212","ConstId":"212","1":"1","PolPartyId":"1","2":"Awami League","StatusText":"Awami League","3":"#324587","StatusColor":"#324587"},{"0":"119","ConstId":"119","1":"1","PolPartyId":"1","2":"Awami League","StatusText":"Awami League","3":"#324587","StatusColor":"#324587"},{"0":"192","ConstId":"192","1":"1","PolPartyId":"1","2":"Awami League","StatusText":"Awami League","3":"#324587","StatusColor":"#324587"},{"0":"197","ConstId":"197","1":"1","PolPartyId":"1","2":"Awami League","StatusText":"Awami League","3":"#324587","StatusColor":"#324587"},{"0":"62","ConstId":"62","1":"1","PolPartyId":"1","2":"Awami League","StatusText":"Awami League","3":"#324587","StatusColor":"#324587"},{"0":"22","ConstId":"22","1":"1","PolPartyId":"1","2":"Awami League","StatusText":"Awami League","3":"#324587","StatusColor":"#324587"},{"0":"116","ConstId":"116","1":"1","PolPartyId":"1","2":"Awami League","StatusText":"Awami League","3":"#324587","StatusColor":"#324587"},{"0":"161","ConstId":"161","1":"1","PolPartyId":"1","2":"Awami League","StatusText":"Awami League","3":"#324587","StatusColor":"#324587"},{"0":"39","ConstId":"39","1":"14","PolPartyId":"14","2":"BNP","StatusText":"BNP","3":"#DE6C16","StatusColor":"#DE6C16"},{"0":"292","ConstId":"292","1":"14","PolPartyId":"14","2":"BNP","StatusText":"BNP","3":"#DE6C16","StatusColor":"#DE6C16"},{"0":"201","ConstId":"201","1":"1","PolPartyId":"1","2":"Awami League","StatusText":"Awami League","3":"#324587","StatusColor":"#324587"},{"0":"269","ConstId":"269","1":"14","PolPartyId":"14","2":"BNP","StatusText":"BNP","3":"#DE6C16","StatusColor":"#DE6C16"},{"0":"60","ConstId":"60","1":"1","PolPartyId":"1","2":"Awami League","StatusText":"Awami League","3":"#324587","StatusColor":"#324587"},{"0":"268","ConstId":"268","1":"14","PolPartyId":"14","2":"BNP","StatusText":"BNP","3":"#DE6C16","StatusColor":"#DE6C16"}]