{"type":"Topology","transform":{"scale":[0.000763685034888229,0.0006890818677986913],"translate":[-5.51892,9.40111]},"objects":{"layer1":{"type":"GeometryCollection","geometries":[{"type":"Polygon","arcs":[[0,1,2,3]],"properties":{"ADM2_CODE":12112,"ADM2_NAME":"Banwa","STR2_YEAR":2001,"EXP2_YEAR":3000,"ADM1_CODE":40276,"ADM1_NAME":"Boucle Du Mouhoun","STATUS":"Member State","DISP_AREA":"NO","ADM0_CODE":42,"ADM0_NAME":"Burkina Faso","SHAPE_LENG":5.01518466297,"SHAPE_AREA":0.48702897738}},{"type":"Polygon","arcs":[[4,5,6,-4,7]],"properties":{"ADM2_CODE":12127,"ADM2_NAME":"Kossi","STR2_YEAR":2001,"EXP2_YEAR":3000,"ADM1_CODE":40276,"ADM1_NAME":"Boucle Du Mouhoun","STATUS":"Member State","DISP_AREA":"NO","ADM0_CODE":42,"ADM0_NAME":"Burkina Faso","SHAPE_LENG":4.09735575912,"SHAPE_AREA":0.62038565491}},{"type":"Polygon","arcs":[[8,9,10,11,12]],"properties":{"ADM2_CODE":12132,"ADM2_NAME":"Bale","STR2_YEAR":2001,"EXP2_YEAR":3000,"ADM1_CODE":40276,"ADM1_NAME":"Boucle Du Mouhoun","STATUS":"Member State","DISP_AREA":"NO","ADM0_CODE":42,"ADM0_NAME":"Burkina Faso","SHAPE_LENG":4.83720334911,"SHAPE_AREA":0.37778416316}},{"type":"Polygon","arcs":[[13,14,-13,15,16,-1,-7]],"properties":{"ADM2_CODE":12134,"ADM2_NAME":"Mouhoun","STR2_YEAR":2001,"EXP2_YEAR":3000,"ADM1_CODE":40276,"ADM1_NAME":"Boucle Du Mouhoun","STATUS":"Member State","DISP_AREA":"NO","ADM0_CODE":42,"ADM0_NAME":"Burkina Faso","SHAPE_LENG":5.53131738182,"SHAPE_AREA":0.57293507581}},{"type":"Polygon","arcs":[[17,18,-14,-6,19]],"properties":{"ADM2_CODE":12137,"ADM2_NAME":"Nayala","STR2_YEAR":2001,"EXP2_YEAR":3000,"ADM1_CODE":40276,"ADM1_NAME":"Boucle Du Mouhoun","STATUS":"Member State","DISP_AREA":"NO","ADM0_CODE":42,"ADM0_NAME":"Burkina Faso","SHAPE_LENG":2.76142503511,"SHAPE_AREA":0.31055765403}},{"type":"Polygon","arcs":[[20,21,22,-20,-5,23]],"properties":{"ADM2_CODE":12148,"ADM2_NAME":"Sourou","STR2_YEAR":2001,"EXP2_YEAR":3000,"ADM1_CODE":40276,"ADM1_NAME":"Boucle Du Mouhoun","STATUS":"Member State","DISP_AREA":"NO","ADM0_CODE":42,"ADM0_NAME":"Burkina Faso","SHAPE_LENG":3.8500941458,"SHAPE_AREA":0.50026732716}},{"type":"Polygon","arcs":[[24,25,26,27,28,29]],"properties":{"ADM2_CODE":12117,"ADM2_NAME":"Comoe","STR2_YEAR":2001,"EXP2_YEAR":3000,"ADM1_CODE":40277,"ADM1_NAME":"Cascades","STATUS":"Member State","DISP_AREA":"NO","ADM0_CODE":42,"ADM0_NAME":"Burkina Faso","SHAPE_LENG":7.44612291011,"SHAPE_AREA":1.27368663365}},{"type":"Polygon","arcs":[[-29,30,31]],"properties":{"ADM2_CODE":12131,"ADM2_NAME":"Leraba","STR2_YEAR":2001,"EXP2_YEAR":3000,"ADM1_CODE":40277,"ADM1_NAME":"Cascades","STATUS":"Member State","DISP_AREA":"NO","ADM0_CODE":42,"ADM0_NAME":"Burkina Faso","SHAPE_LENG":2.97550047085,"SHAPE_AREA":0.25128435382}},{"type":"Polygon","arcs":[[32,33,34,35,36]],"properties":{"ADM2_CODE":12123,"ADM2_NAME":"Kadiogo","STR2_YEAR":2001,"EXP2_YEAR":3000,"ADM1_CODE":40278,"ADM1_NAME":"Centre","STATUS":"Member State","DISP_AREA":"NO","ADM0_CODE":42,"ADM0_NAME":"Burkina Faso","SHAPE_LENG":2.98562104941,"SHAPE_AREA":0.23911986245}},{"type":"Polygon","arcs":[[37,38,39,40,41,42,43]],"properties":{"ADM2_CODE":12115,"ADM2_NAME":"Boulgou","STR2_YEAR":2001,"EXP2_YEAR":3000,"ADM1_CODE":40279,"ADM1_NAME":"Centre-est","STATUS":"Member State","DISP_AREA":"NO","ADM0_CODE":42,"ADM0_NAME":"Burkina Faso","SHAPE_LENG":5.17568762547,"SHAPE_AREA":0.54266522881}},{"type":"Polygon","arcs":[[44,45,-40,46]],"properties":{"ADM2_CODE":12128,"ADM2_NAME":"Koulpelogo","STR2_YEAR":2001,"EXP2_YEAR":3000,"ADM1_CODE":40279,"ADM1_NAME":"Centre-est","STATUS":"Member State","DISP_AREA":"NO","ADM0_CODE":42,"ADM0_NAME":"Burkina Faso","SHAPE_LENG":3.23364618046,"SHAPE_AREA":0.44584875154}},{"type":"Polygon","arcs":[[47,48,-38,49,50]],"properties":{"ADM2_CODE":12129,"ADM2_NAME":"Kouritenga","STR2_YEAR":2001,"EXP2_YEAR":3000,"ADM1_CODE":40279,"ADM1_NAME":"Centre-est","STATUS":"Member State","DISP_AREA":"NO","ADM0_CODE":42,"ADM0_NAME":"Burkina Faso","SHAPE_LENG":2.94286848325,"SHAPE_AREA":0.23282335116}},{"type":"Polygon","arcs":[[51,52,53,54,55]],"properties":{"ADM2_CODE":12111,"ADM2_NAME":"Bam","STR2_YEAR":2001,"EXP2_YEAR":3000,"ADM1_CODE":40280,"ADM1_NAME":"Centre-nord","STATUS":"Member State","DISP_AREA":"NO","ADM0_CODE":42,"ADM0_NAME":"Burkina Faso","SHAPE_LENG":3.0191432501,"SHAPE_AREA":0.33577795905}},{"type":"Polygon","arcs":[[56,57,-51,58,59,60]],"properties":{"ADM2_CODE":12136,"ADM2_NAME":"Namentenga","STR2_YEAR":2001,"EXP2_YEAR":3000,"ADM1_CODE":40280,"ADM1_NAME":"Centre-nord","STATUS":"Member State","DISP_AREA":"NO","ADM0_CODE":42,"ADM0_NAME":"Burkina Faso","SHAPE_LENG":4.70789978115,"SHAPE_AREA":0.53386543561}},{"type":"Polygon","arcs":[[61,62,63,-52,64,-60]],"properties":{"ADM2_CODE":12144,"ADM2_NAME":"Sanmatenga","STR2_YEAR":2001,"EXP2_YEAR":3000,"ADM1_CODE":40280,"ADM1_NAME":"Centre-nord","STATUS":"Member State","DISP_AREA":"NO","ADM0_CODE":42,"ADM0_NAME":"Burkina Faso","SHAPE_LENG":5.21487654993,"SHAPE_AREA":0.77565379955}},{"type":"Polygon","arcs":[[65,-35,66,67,68,69,70]],"properties":{"ADM2_CODE":12116,"ADM2_NAME":"Boulkiemde","STR2_YEAR":2001,"EXP2_YEAR":3000,"ADM1_CODE":40281,"ADM1_NAME":"Centre-ouest","STATUS":"Member State","DISP_AREA":"NO","ADM0_CODE":42,"ADM0_NAME":"Burkina Faso","SHAPE_LENG":3.90629389324,"SHAPE_AREA":0.35647097156}},{"type":"Polygon","arcs":[[-70,71,-9,-15,-19,72]],"properties":{"ADM2_CODE":12143,"ADM2_NAME":"Sanguie","STR2_YEAR":2001,"EXP2_YEAR":3000,"ADM1_CODE":40281,"ADM1_NAME":"Centre-ouest","STATUS":"Member State","DISP_AREA":"NO","ADM0_CODE":42,"ADM0_NAME":"Burkina Faso","SHAPE_LENG":4.72907672017,"SHAPE_AREA":0.42580535417}},{"type":"Polygon","arcs":[[73,74,75,76,-10,-72,-69]],"properties":{"ADM2_CODE":12146,"ADM2_NAME":"Sissili","STR2_YEAR":2001,"EXP2_YEAR":3000,"ADM1_CODE":40281,"ADM1_NAME":"Centre-ouest","STATUS":"Member State","DISP_AREA":"NO","ADM0_CODE":42,"ADM0_NAME":"Burkina Faso","SHAPE_LENG":5.6119784277,"SHAPE_AREA":0.5758964143}},{"type":"Polygon","arcs":[[77,78,-74,-68,79]],"properties":{"ADM2_CODE":12153,"ADM2_NAME":"Ziro","STR2_YEAR":2001,"EXP2_YEAR":3000,"ADM1_CODE":40281,"ADM1_NAME":"Centre-ouest","STATUS":"Member State","DISP_AREA":"NO","ADM0_CODE":42,"ADM0_NAME":"Burkina Faso","SHAPE_LENG":3.42832339923,"SHAPE_AREA":0.440077707}},{"type":"Polygon","arcs":[[80,81,-80,-67,-34]],"properties":{"ADM2_CODE":12113,"ADM2_NAME":"Bazega","STR2_YEAR":2001,"EXP2_YEAR":3000,"ADM1_CODE":40282,"ADM1_NAME":"Centre-sud","STATUS":"Member State","DISP_AREA":"NO","ADM0_CODE":42,"ADM0_NAME":"Burkina Faso","SHAPE_LENG":3.63053635715,"SHAPE_AREA":0.32856835899}},{"type":"Polygon","arcs":[[-42,82,-75,-79,83]],"properties":{"ADM2_CODE":12135,"ADM2_NAME":"Nahouri","STR2_YEAR":2001,"EXP2_YEAR":3000,"ADM1_CODE":40282,"ADM1_NAME":"Centre-sud","STATUS":"Member State","DISP_AREA":"NO","ADM0_CODE":42,"ADM0_NAME":"Burkina Faso","SHAPE_LENG":3.38801339439,"SHAPE_AREA":0.31980154943}},{"type":"Polygon","arcs":[[84,-43,-84,-78,-82]],"properties":{"ADM2_CODE":12155,"ADM2_NAME":"Zoundweogo","STR2_YEAR":2001,"EXP2_YEAR":3000,"ADM1_CODE":40282,"ADM1_NAME":"Centre-sud","STATUS":"Member State","DISP_AREA":"NO","ADM0_CODE":42,"ADM0_NAME":"Burkina Faso","SHAPE_LENG":3.21914883901,"SHAPE_AREA":0.30474410322}},{"type":"Polygon","arcs":[[85,86,87,-48,-58,88]],"properties":{"ADM2_CODE":12119,"ADM2_NAME":"Gnagna","STR2_YEAR":2001,"EXP2_YEAR":3000,"ADM1_CODE":40283,"ADM1_NAME":"Est","STATUS":"Member State","DISP_AREA":"NO","ADM0_CODE":42,"ADM0_NAME":"Burkina Faso","SHAPE_LENG":4.72819572676,"SHAPE_AREA":0.71245585107}},{"type":"Polygon","arcs":[[89,90,-47,-39,-49,-88,91]],"properties":{"ADM2_CODE":12120,"ADM2_NAME":"Gourma","STR2_YEAR":2001,"EXP2_YEAR":3000,"ADM1_CODE":40283,"ADM1_NAME":"Est","STATUS":"Member State","DISP_AREA":"NO","ADM0_CODE":42,"ADM0_NAME":"Burkina Faso","SHAPE_LENG":5.97893314438,"SHAPE_AREA":0.93092091155}},{"type":"Polygon","arcs":[[92,93,-92,-87,94]],"properties":{"ADM2_CODE":12125,"ADM2_NAME":"Komonjdjari","STR2_YEAR":2001,"EXP2_YEAR":3000,"ADM1_CODE":40283,"ADM1_NAME":"Est","STATUS":"Member State","DISP_AREA":"NO","ADM0_CODE":42,"ADM0_NAME":"Burkina Faso","SHAPE_LENG":3.68029978914,"SHAPE_AREA":0.42560497889}},{"type":"Polygon","arcs":[[95,96,-45,-91]],"properties":{"ADM2_CODE":12126,"ADM2_NAME":"Kompienga","STR2_YEAR":2001,"EXP2_YEAR":3000,"ADM1_CODE":40283,"ADM1_NAME":"Est","STATUS":"Member State","DISP_AREA":"NO","ADM0_CODE":42,"ADM0_NAME":"Burkina Faso","SHAPE_LENG":4.5260036278,"SHAPE_AREA":0.57393670906}},{"type":"Polygon","arcs":[[97,-96,-90,-94]],"properties":{"ADM2_CODE":12149,"ADM2_NAME":"Tapoa","STR2_YEAR":2001,"EXP2_YEAR":3000,"ADM1_CODE":40283,"ADM1_NAME":"Est","STATUS":"Member State","DISP_AREA":"NO","ADM0_CODE":42,"ADM0_NAME":"Burkina Faso","SHAPE_LENG":5.60838283955,"SHAPE_AREA":1.22538788045}},{"type":"Polygon","arcs":[[-17,98,99,-25,100,101,-2]],"properties":{"ADM2_CODE":12121,"ADM2_NAME":"Houet","STR2_YEAR":2001,"EXP2_YEAR":3000,"ADM1_CODE":40284,"ADM1_NAME":"Hauts-bassins","STATUS":"Member State","DISP_AREA":"NO","ADM0_CODE":42,"ADM0_NAME":"Burkina Faso","SHAPE_LENG":6.65304784484,"SHAPE_AREA":0.9586501999}},{"type":"Polygon","arcs":[[-30,-32,102,-101]],"properties":{"ADM2_CODE":12124,"ADM2_NAME":"Kenedougou","STR2_YEAR":2001,"EXP2_YEAR":3000,"ADM1_CODE":40284,"ADM1_NAME":"Hauts-bassins","STATUS":"Member State","DISP_AREA":"NO","ADM0_CODE":42,"ADM0_NAME":"Burkina Faso","SHAPE_LENG":4.78821719854,"SHAPE_AREA":0.69403782467}},{"type":"Polygon","arcs":[[-12,103,104,-99,-16]],"properties":{"ADM2_CODE":12150,"ADM2_NAME":"Tuy","STR2_YEAR":2001,"EXP2_YEAR":3000,"ADM1_CODE":40284,"ADM1_NAME":"Hauts-bassins","STATUS":"Member State","DISP_AREA":"NO","ADM0_CODE":42,"ADM0_NAME":"Burkina Faso","SHAPE_LENG":4.58734181062,"SHAPE_AREA":0.46738836574}},{"type":"Polygon","arcs":[[105,-55,106,107]],"properties":{"ADM2_CODE":12133,"ADM2_NAME":"Loroum","STR2_YEAR":2001,"EXP2_YEAR":3000,"ADM1_CODE":40285,"ADM1_NAME":"Nord","STATUS":"Member State","DISP_AREA":"NO","ADM0_CODE":42,"ADM0_NAME":"Burkina Faso","SHAPE_LENG":2.85471376663,"SHAPE_AREA":0.30750633355}},{"type":"Polygon","arcs":[[-53,-64,108,109,-71,-73,-18,-23,110,111]],"properties":{"ADM2_CODE":12141,"ADM2_NAME":"Passore","STR2_YEAR":2001,"EXP2_YEAR":3000,"ADM1_CODE":40285,"ADM1_NAME":"Nord","STATUS":"Member State","DISP_AREA":"NO","ADM0_CODE":42,"ADM0_NAME":"Burkina Faso","SHAPE_LENG":3.82409657535,"SHAPE_AREA":0.33249917207}},{"type":"Polygon","arcs":[[-54,-112,112,-21,113,-107]],"properties":{"ADM2_CODE":12152,"ADM2_NAME":"Yatenga","STR2_YEAR":2001,"EXP2_YEAR":3000,"ADM1_CODE":40285,"ADM1_NAME":"Nord","STATUS":"Member State","DISP_AREA":"NO","ADM0_CODE":42,"ADM0_NAME":"Burkina Faso","SHAPE_LENG":4.76451995116,"SHAPE_AREA":0.5631998229}},{"type":"Polygon","arcs":[[-111,-22,-113]],"properties":{"ADM2_CODE":12154,"ADM2_NAME":"Zondoma","STR2_YEAR":2001,"EXP2_YEAR":3000,"ADM1_CODE":40285,"ADM1_NAME":"Nord","STATUS":"Member State","DISP_AREA":"NO","ADM0_CODE":42,"ADM0_NAME":"Burkina Faso","SHAPE_LENG":2.30183633424,"SHAPE_AREA":0.16572553695}},{"type":"Polygon","arcs":[[-59,-50,-44,-85,-81,-33,114,-62]],"properties":{"ADM2_CODE":12118,"ADM2_NAME":"Ganzourgou","STR2_YEAR":2001,"EXP2_YEAR":3000,"ADM1_CODE":40286,"ADM1_NAME":"Plateau Central","STATUS":"Member State","DISP_AREA":"NO","ADM0_CODE":42,"ADM0_NAME":"Burkina Faso","SHAPE_LENG":3.15164357254,"SHAPE_AREA":0.34711730736}},{"type":"Polygon","arcs":[[-36,-66,-110,115]],"properties":{"ADM2_CODE":12130,"ADM2_NAME":"Kourweogo","STR2_YEAR":2001,"EXP2_YEAR":3000,"ADM1_CODE":40286,"ADM1_NAME":"Plateau Central","STATUS":"Member State","DISP_AREA":"NO","ADM0_CODE":42,"ADM0_NAME":"Burkina Faso","SHAPE_LENG":2.2928744319,"SHAPE_AREA":0.13317422178}},{"type":"Polygon","arcs":[[-63,-115,-37,-116,-109]],"properties":{"ADM2_CODE":12139,"ADM2_NAME":"Oubritenga","STR2_YEAR":2001,"EXP2_YEAR":3000,"ADM1_CODE":40286,"ADM1_NAME":"Plateau Central","STATUS":"Member State","DISP_AREA":"NO","ADM0_CODE":42,"ADM0_NAME":"Burkina Faso","SHAPE_LENG":3.53166386399,"SHAPE_AREA":0.23706658657}},{"type":"Polygon","arcs":[[116,117,118]],"properties":{"ADM2_CODE":12140,"ADM2_NAME":"Oudalan","STR2_YEAR":2001,"EXP2_YEAR":3000,"ADM1_CODE":40287,"ADM1_NAME":"Sahel","STATUS":"Member State","DISP_AREA":"NO","ADM0_CODE":42,"ADM0_NAME":"Burkina Faso","SHAPE_LENG":4.09389579966,"SHAPE_AREA":0.8387922845}},{"type":"Polygon","arcs":[[119,120,-89,-57,121,-117]],"properties":{"ADM2_CODE":12145,"ADM2_NAME":"Seno","STR2_YEAR":2001,"EXP2_YEAR":3000,"ADM1_CODE":40287,"ADM1_NAME":"Sahel","STATUS":"Member State","DISP_AREA":"NO","ADM0_CODE":42,"ADM0_NAME":"Burkina Faso","SHAPE_LENG":3.92743175913,"SHAPE_AREA":0.58662691145}},{"type":"Polygon","arcs":[[-122,-61,-65,-56,-106,122,-118]],"properties":{"ADM2_CODE":12147,"ADM2_NAME":"Soum","STR2_YEAR":2001,"EXP2_YEAR":3000,"ADM1_CODE":40287,"ADM1_NAME":"Sahel","STATUS":"Member State","DISP_AREA":"NO","ADM0_CODE":42,"ADM0_NAME":"Burkina Faso","SHAPE_LENG":4.66356898035,"SHAPE_AREA":1.05509800737}},{"type":"Polygon","arcs":[[-95,-86,-121,123]],"properties":{"ADM2_CODE":12151,"ADM2_NAME":"Yagha","STR2_YEAR":2001,"EXP2_YEAR":3000,"ADM1_CODE":40287,"ADM1_NAME":"Sahel","STATUS":"Member State","DISP_AREA":"NO","ADM0_CODE":42,"ADM0_NAME":"Burkina Faso","SHAPE_LENG":3.99060081265,"SHAPE_AREA":0.54416487594}},{"type":"Polygon","arcs":[[124,-26,-100,-105,125]],"properties":{"ADM2_CODE":12114,"ADM2_NAME":"Bougouriba","STR2_YEAR":2001,"EXP2_YEAR":3000,"ADM1_CODE":40288,"ADM1_NAME":"Sud-ouest","STATUS":"Member State","DISP_AREA":"NO","ADM0_CODE":42,"ADM0_NAME":"Burkina Faso","SHAPE_LENG":3.22008600365,"SHAPE_AREA":0.23022583397}},{"type":"Polygon","arcs":[[-11,-77,126,127,-126,-104]],"properties":{"ADM2_CODE":12122,"ADM2_NAME":"Ioba","STR2_YEAR":2001,"EXP2_YEAR":3000,"ADM1_CODE":40288,"ADM1_NAME":"Sud-ouest","STATUS":"Member State","DISP_AREA":"NO","ADM0_CODE":42,"ADM0_NAME":"Burkina Faso","SHAPE_LENG":3.39453008115,"SHAPE_AREA":0.27270392584}},{"type":"Polygon","arcs":[[128,129]],"properties":{"ADM2_CODE":12138,"ADM2_NAME":"Noumbiel","STR2_YEAR":2001,"EXP2_YEAR":3000,"ADM1_CODE":40288,"ADM1_NAME":"Sud-ouest","STATUS":"Member State","DISP_AREA":"NO","ADM0_CODE":42,"ADM0_NAME":"Burkina Faso","SHAPE_LENG":2.93092497932,"SHAPE_AREA":0.23560814928}},{"type":"Polygon","arcs":[[130,-130,131,-27,-125,-128]],"properties":{"ADM2_CODE":12142,"ADM2_NAME":"Poni","STR2_YEAR":2001,"EXP2_YEAR":3000,"ADM1_CODE":40288,"ADM1_NAME":"Sud-ouest","STATUS":"Member State","DISP_AREA":"NO","ADM0_CODE":42,"ADM0_NAME":"Burkina Faso","SHAPE_LENG":4.92008684643,"SHAPE_AREA":0.62302935773}}],"bbox":[-5.51892,9.40111,2.4050759220002647,15.08259000000021]}},"arcs":[[[2563,4474],[-35,-138],[-44,15],[-24,52],[-64,-33],[-55,-75],[-15,-75],[-38,-60],[-52,2],[-33,-43],[27,-93],[-38,-83],[-44,7],[-48,-115],[-59,-74],[-27,-78]],[[2014,3683],[-85,24],[-66,7],[-37,-31],[-157,-16],[-39,-180],[-36,-80],[-68,-37],[-16,34],[-51,11],[-57,-66],[-56,52],[-9,73],[41,32],[10,42],[0,126],[31,99],[-65,4],[23,97],[-48,53],[-53,-49],[-42,1],[-46,-24],[-55,1]],[[1133,3856],[51,92],[60,19],[-23,90],[94,83],[50,106],[73,-18],[-40,90],[-2,55],[31,100],[47,70],[-35,86],[-76,63],[-17,45],[11,78],[148,18],[46,-39],[52,-8],[66,48]],[[1669,4834],[39,-13],[26,-43],[65,-32],[-56,-49],[17,-66],[-2,-57],[32,-66],[-6,-86],[62,-58],[33,-53],[41,-3],[71,72],[-3,51],[80,118],[75,1],[58,-27],[82,27],[57,-11],[87,16],[72,-60],[64,-21]],[[2715,5454],[-52,-97],[13,-103],[26,-25],[-25,-71],[22,-68],[-8,-37],[33,-140]],[[2724,4913],[0,-44],[30,-15]],[[2754,4854],[-55,-8],[-36,-41],[-46,30],[-35,-68],[32,-28],[-8,-74],[-28,-93],[-15,-98]],[[1669,4834],[22,101],[-14,80],[10,117],[-9,34],[-58,70],[-25,73],[-69,83],[10,43],[77,50],[60,12],[-22,59],[46,41],[58,27],[59,51],[54,121],[73,46],[40,10],[28,38],[-2,46],[31,11],[21,-58],[35,-40],[-50,-15],[-21,-40],[36,-25],[45,4],[78,-24],[72,-6],[43,-36],[55,-73],[81,-42],[80,-76],[88,-44],[114,-18]],[[3398,3842],[40,-51],[55,-40],[-41,-64],[3,-24],[64,-47],[5,-31],[-33,-63],[-42,-21],[-54,-3],[2,-38],[66,-50],[88,15],[61,-46],[47,-55],[22,-126]],[[3681,3198],[37,-27],[12,-36],[-9,-75],[45,-52],[160,-89],[-53,-59],[-81,3],[-15,-73],[-91,6],[-52,29],[-45,-40],[-43,-74],[2,-45]],[[3548,2666],[-76,7],[-22,26],[41,51]],[[3491,2750],[25,162],[-3,74],[-32,27],[34,57],[-15,26],[-53,20],[-24,-32],[-28,31],[-46,8],[-40,-27],[-37,17],[-18,47],[-58,0],[-41,-65],[-81,-28],[-42,-28],[-34,11],[-40,-30],[-39,4],[-30,41],[16,63],[-87,11],[-76,80],[33,28],[4,84],[-108,48],[-71,10],[-51,52]],[[2549,3441],[-45,59],[26,63],[-6,29],[36,31],[62,5],[43,59],[-20,60],[141,22],[27,-42],[50,26],[68,-55],[-7,-57],[18,-25],[58,-15],[37,65],[70,-60],[65,15],[-26,97],[-78,-8],[-38,73],[-39,27],[1,71],[22,42],[60,1],[51,-39],[75,35],[22,-70],[52,-33],[124,25]],[[2754,4854],[35,-94],[29,-32],[-14,-43],[52,-7],[19,58],[86,32],[13,-26],[-17,-62],[7,-83],[26,-85],[65,14],[63,-65],[4,-32],[43,-54],[64,-27],[26,-32],[60,-4],[25,-44],[95,73],[56,-7]],[[3491,4334],[24,-11],[7,-56],[-35,-2],[-44,-96],[70,-74],[21,-102],[32,-37],[-18,-86],[-80,49],[-78,-42],[8,-35]],[[2549,3441],[-77,-10],[-68,20],[-69,-79],[-152,44],[-30,100],[-60,20],[8,34],[-58,1]],[[2043,3571],[-38,91],[9,21]],[[3643,5132],[8,-33],[-10,-95],[7,-71],[58,-10],[58,-60]],[[3764,4863],[-99,-96],[-70,-103],[62,-151],[-41,-65],[-125,-114]],[[2724,4913],[47,33],[11,67],[25,37],[69,33],[22,43],[-6,34],[31,20],[108,16],[65,-60],[81,9],[73,-33],[59,73],[97,-79],[113,-18],[68,43],[56,1]],[[3352,6138],[47,-60],[77,-60],[195,-42],[28,-55],[56,-7],[1,-149],[43,-76]],[[3799,5689],[95,-53],[26,48],[99,-47],[-93,-112],[-14,-44],[-82,-102],[-139,23],[-25,-36],[-1,-60],[19,-82]],[[3684,5224],[0,-38],[-41,-54]],[[2715,5454],[30,24],[-16,118],[41,21],[193,18],[24,31],[-29,78],[-4,94],[-25,160],[28,60],[6,137],[-38,53],[15,16],[59,-13],[56,-34],[103,15],[50,-47],[23,-57],[45,57],[29,1],[47,-48]],[[979,2132],[34,-90],[71,-47],[41,4],[86,67],[12,34],[49,28],[33,-7],[61,21],[27,-8],[79,-198],[39,13],[94,-13],[34,-56],[49,21],[21,43],[92,17],[72,60],[40,-68],[87,-50],[51,-2],[46,-36],[85,35],[-5,26],[94,175],[36,-22],[51,7]],[[2358,2086],[53,-106],[-60,-28],[-74,7],[-14,-61],[45,-25],[35,6],[28,-68]],[[2371,1811],[-4,-175],[23,-25],[-6,-56],[-25,-42],[-14,-71],[-75,-71],[33,-32],[-6,-27],[29,-52],[0,-52],[-67,-91],[-10,-58],[-34,-3],[-64,-41],[-40,-8],[-64,23],[-33,-10],[-31,-97],[45,-35],[15,-38],[44,-17],[39,-54],[-5,-54]],[[2121,725],[-26,-32],[-71,-13],[-19,-58],[-56,7],[-16,-48],[-47,4],[-59,40],[-74,-82],[-114,-55],[-31,-144],[-33,-51],[-45,33],[-39,-46],[-40,38],[-35,61],[-92,-23],[-19,85],[22,41],[-18,19],[-54,-13],[17,-34],[-43,-38],[-45,50],[-15,-27],[-41,11],[-11,-33],[-55,-1],[-39,86],[-82,12],[-23,43],[41,66],[-44,17],[-12,29],[-67,12],[-44,34],[-35,-21],[-35,19],[4,67],[21,24],[-52,42],[3,40],[32,17],[-42,54],[-37,19],[15,46],[-87,2],[3,111],[-60,139],[10,37]],[[532,1311],[39,88],[-20,44],[24,17],[-6,42],[-43,48],[5,46],[-62,9],[13,94],[64,-20],[34,35],[83,20],[46,-14],[30,57],[12,93],[-39,97],[28,21],[-14,46],[-136,-12],[-34,43]],[[556,2065],[114,12],[50,84],[44,-22],[119,6],[96,-13]],[[532,1311],[-76,-27],[-80,43],[-71,-9],[-19,15],[-38,-38],[-102,3],[-85,82],[-61,118],[54,164],[16,22],[-3,63],[-20,27],[12,196],[32,17],[36,119],[-56,77],[-5,82],[-27,20],[-5,63]],[[34,2348],[65,3],[57,-26],[2,-21],[156,-102],[16,-96],[40,15],[47,-109],[92,44],[47,9]],[[5789,4158],[8,-60],[23,-2],[3,-66]],[[5823,4030],[-71,-52],[-52,30],[-169,-12],[-98,-28],[-43,-41],[-25,36],[-26,87],[-63,18],[-72,-29],[-33,-65],[-92,-64],[-28,-3],[-40,-62],[-44,60],[-84,0],[-52,98]],[[4831,4003],[2,75],[48,36],[3,94],[-41,24],[41,33],[-35,45]],[[4849,4310],[52,15],[38,43],[83,19],[-14,75],[-39,48],[-9,99],[72,42],[57,4],[35,111]],[[5124,4766],[26,-6],[30,-88],[-23,-48],[24,-61],[95,37],[53,-50],[-17,-48],[14,-55],[85,17],[40,43],[49,4],[89,-31],[-2,-111],[-26,-25],[-12,-57],[97,-43],[23,-46],[22,16],[42,-65],[56,9]],[[6584,3773],[16,-19],[-29,-32],[38,-55],[6,-53],[32,-47],[83,-26],[87,-9],[28,-49],[160,197],[31,7]],[[7036,3687],[45,-38],[5,-48],[40,-17],[73,8],[29,-34],[21,-152]],[[7249,3406],[-12,-37],[-62,-2],[-47,30],[-48,-33],[-64,-130],[-45,-63],[44,-49],[-37,-49],[7,-74],[-18,-27],[23,-44],[-33,-36],[-5,-57],[122,-10],[99,36],[33,-46],[-55,-73],[-9,-60],[-38,-17],[-17,-154]],[[7087,2511],[-46,11],[-186,38],[7,-62],[-75,-22],[-33,-54],[-20,68],[-54,-9],[-8,-70],[12,-44],[-91,-27],[-25,-35],[-51,-12],[-34,21],[-40,-116],[-23,-18],[-12,51],[-60,34],[23,37],[-42,13]],[[6329,2315],[-27,24],[34,49],[-20,66],[-60,36],[25,39],[-41,20],[-13,71]],[[6227,2620],[50,63],[-26,59],[59,30],[16,57],[65,45],[18,49],[39,-35],[23,11],[-24,59],[47,64],[-44,14],[-71,46],[-66,74],[-46,-47],[-75,76],[-16,-4],[-131,139],[8,132],[68,24],[30,65],[-6,47]],[[6145,3588],[123,2],[42,17],[54,49],[33,77],[53,50],[40,15],[94,-25]],[[7893,3328],[33,-278],[23,-44],[51,-155],[-69,-35],[14,-84],[32,-49],[3,-48],[-62,-107],[0,-101],[-23,-7],[-26,50],[-43,7],[-41,-122]],[[7785,2355],[-23,6],[-415,90],[-260,60]],[[7249,3406],[43,27],[16,56],[78,-29],[76,4],[22,-32],[88,2],[169,-106],[54,-26],[57,4],[41,22]],[[6912,4584],[-32,-150],[27,-32],[67,2],[64,-57],[-58,-72],[-25,-90],[125,-47]],[[7080,4138],[45,-64],[34,-18],[11,-59],[26,-5],[25,-56],[-60,-19],[-13,-39],[-54,19],[-32,-25],[-3,-118],[-23,-67]],[[6584,3773],[48,23],[56,112],[-49,137],[-56,44],[-6,85],[-33,23],[-25,57],[31,62],[0,48],[-43,0],[-4,86],[-84,4],[-21,30],[1,73]],[[6399,4557],[172,-62],[95,-28],[35,44],[102,47],[109,26]],[[5457,6327],[-1,-34],[59,-86],[-18,-56],[-27,-23],[-43,-92],[47,-92],[-77,-52],[12,-47],[64,-60],[17,-64],[35,-42],[-61,-105],[32,-90],[-68,10],[-59,-38],[-34,1],[-110,-38],[-33,-116],[42,-25],[14,-54],[-56,-10]],[[5192,5214],[-37,19],[-36,81],[-119,25],[-59,89]],[[4941,5428],[16,40],[-4,55],[-37,78],[0,65],[-43,-18],[-30,57],[-33,12],[4,51],[-27,95],[13,38],[-36,74],[21,20],[-48,62]],[[4737,6057],[-4,70],[81,61],[44,8],[29,30],[61,17],[1,57],[-29,31]],[[4920,6331],[107,183],[70,-15],[100,19],[58,-125],[50,-47],[152,-19]],[[6415,6673],[-11,-78],[23,-25],[44,3],[32,-48],[65,-31],[25,-77],[28,-15],[-20,-43],[8,-47],[72,-64],[46,-96],[63,14],[73,-34],[57,-3],[10,-28],[-42,-93],[31,-46]],[[6919,5962],[-4,-56],[-77,-17],[-31,-79],[45,-19],[16,-34],[-37,-47],[-6,-44],[-49,-44],[33,-50],[18,-64],[-38,-67],[-46,-51],[-28,-130],[17,-63],[28,-11],[-3,-75],[35,-63],[98,-50],[57,-50],[-54,-118],[48,-57],[-13,-126],[-16,-63]],[[6399,4557],[-21,19],[-15,68],[18,62],[-18,57],[-41,29]],[[6322,4792],[-3,128],[-49,109],[-53,28],[-1,24],[-53,109],[-4,54],[48,26],[63,-88],[49,22],[35,73],[-35,144],[44,94],[2,156],[-21,33],[-43,152],[-2,40],[-39,12],[-3,56],[-37,81],[-11,95],[7,74],[75,62],[34,-3],[22,82],[2,86],[-22,56],[-17,105]],[[6310,6602],[-2,45],[36,27],[71,-1]],[[6322,4792],[-57,2],[-59,-46],[47,-76],[-51,-41],[-70,-32],[-26,-30]],[[6106,4569],[-25,-8],[-52,29],[-50,95],[-64,66],[-134,26],[-22,-67],[-42,5],[-1,192],[-112,63],[-71,-7],[-88,53],[-11,30],[-149,10],[-16,40],[-57,20]],[[5212,5116],[5,32],[-25,66]],[[5457,6327],[53,-15],[126,31],[61,-5],[58,24],[19,-20],[36,16],[17,39],[43,31],[52,0],[17,52],[92,-14],[61,16],[47,53],[53,33],[37,-11],[18,34],[63,11]],[[4678,4777],[27,-23],[-20,-37],[126,-57],[75,-179],[-112,-60],[-54,46],[-116,-12],[-46,-85],[-2,-53],[-61,-70],[36,-41],[61,-4],[80,77],[177,31]],[[4831,4003],[-122,-2],[-19,-33],[-67,-23],[35,-55],[-23,-37],[-97,-63],[12,-25]],[[4550,3765],[-160,-73],[-134,-30]],[[4256,3662],[-14,-2]],[[4242,3660],[-4,54],[43,19],[-22,38],[-141,-60],[-21,5],[-49,64],[-71,-2],[-21,24],[15,46],[-11,49],[67,39],[3,39],[-82,33],[1,27],[123,70],[8,52],[-17,87],[-49,187],[85,-1],[62,63],[68,39],[71,151],[-53,-1],[4,-35],[-44,-18],[-30,98]],[[4177,4727],[163,60],[71,13],[57,-29],[51,28],[99,-1],[16,-49],[44,28]],[[4242,3660],[-138,-34],[-55,0],[-27,-40],[-45,-20],[-58,-78],[-24,13],[-15,-89],[-34,-28],[19,-73],[-10,-85],[-100,7],[-74,-35]],[[3764,4863],[97,93],[20,37],[55,-26],[25,-70],[-53,-34],[-4,-64],[26,-16],[104,9],[-13,-40],[-49,-8],[1,-78],[204,61]],[[4256,3662],[20,-137],[-31,-16],[29,-104],[-6,-38],[-116,23],[-19,-49],[-7,-170],[17,-53],[67,-36],[124,5],[50,-54],[51,-154],[47,-56],[49,-30],[5,-43],[75,-10],[12,62],[31,8],[23,43],[111,4],[-2,-48],[66,-34],[50,27],[97,94],[73,-16],[62,-62]],[[5134,2818],[1,-70],[-33,-33],[-3,-77],[-52,-75],[68,-35],[25,-31],[31,12],[43,-58],[38,10],[97,-97]],[[5349,2364],[-47,-13],[-153,-1],[0,-29],[-208,-1],[-804,0],[-305,-1],[-27,-16],[-117,-1],[-23,15]],[[3665,2317],[63,83],[63,3],[19,79],[-113,123],[-57,-7],[9,-45],[-75,-34],[-26,147]],[[5463,3179],[48,-67]],[[5511,3112],[-62,-32],[-20,-41],[-163,-105],[-15,-35],[-85,-7],[-32,-74]],[[4550,3765],[72,-57],[8,-37],[38,-13],[30,23],[41,-33],[70,61],[53,7],[25,-55],[114,-97],[10,-41],[30,-13],[29,-56],[33,11],[77,-53],[36,-58],[46,1],[12,-44],[37,12],[9,-69],[75,-40],[7,-29],[61,-6]],[[5823,4030],[45,-34],[20,-61],[-5,-37],[39,-43],[31,-63],[75,-42],[38,-82],[-9,-47]],[[6057,3621],[-52,15],[-94,6],[-71,57],[-89,-50],[-29,2],[-57,-68],[-30,-10],[0,-53],[-68,-57],[-14,-55],[-35,-66],[-15,-99],[-40,-64]],[[6329,2315],[-225,1],[-17,-44],[-29,-4],[-31,53],[-116,-11],[-1,15],[-145,1],[0,-27],[-258,10],[-102,-7],[-44,42],[-3,6],[-1,2],[-6,8],[-2,4]],[[5511,3112],[59,-79],[75,-40],[113,-121],[15,21],[53,-37],[-7,-19],[69,-44],[18,40],[53,-14],[12,-33],[-23,-39],[57,-7],[8,-38],[71,-80],[121,-67],[22,65]],[[6057,3621],[39,-30],[49,-3]],[[7308,6061],[8,-48],[-14,-49],[12,-36],[48,11],[41,-127],[58,-100],[68,-51],[45,-105],[28,-2],[182,-74],[20,-67],[58,-18],[30,-89],[72,-34],[42,-92]],[[8006,5180],[-74,-5],[-1,-69],[-60,-13],[1,-33],[-126,-15],[-56,48],[-37,-5],[-37,31],[-50,6],[-5,-40],[22,-45],[-65,-56],[47,-43],[28,-97],[-1,-74],[24,-169],[63,-158]],[[7679,4443],[-160,-125],[-116,36],[-135,-79],[-22,31],[-53,-13],[-22,-67],[-34,-20],[-57,-68]],[[6919,5962],[36,22],[36,76],[101,-21],[40,-31],[61,2],[29,42],[86,9]],[[8860,4888],[-16,-82],[37,-103],[-36,-82],[-4,-110],[-61,-42],[3,-130],[30,-72],[-4,-88],[-47,-94],[87,-64],[81,-20],[21,-49],[-10,-71],[20,-20],[-31,-75],[-15,-231],[-30,-28],[0,-70],[-16,-70]],[[8869,3387],[-103,37],[-54,32],[-41,97],[-40,-25],[-38,22],[-46,77],[-59,27],[-53,-6],[-63,32],[-71,-60],[-99,-51],[-38,-94],[11,-63],[-163,-21],[-119,-63]],[[7679,4443],[133,103],[183,-124],[83,-185],[62,42],[107,149],[36,24],[-2,67],[41,2],[22,65],[42,32],[102,19],[23,57],[84,41],[76,-24],[44,48],[3,44],[32,36],[1,34],[63,31],[46,-16]],[[8526,5345],[7,-123],[158,0],[263,-235]],[[8954,4987],[-94,-99]],[[8006,5180],[49,50],[28,-36],[115,19],[47,-10],[86,42],[11,42],[27,-14],[75,70],[82,2]],[[8869,3387],[-83,-160],[42,-40],[22,-46],[78,-32],[45,-59],[56,-20],[51,-54]],[[9080,2976],[-40,-14],[5,-62],[-42,-13],[-51,-46],[31,-69],[-21,-31],[-46,5],[-32,41],[-18,-21],[32,-62],[-37,-27],[-26,20],[-130,-4],[32,-42],[-4,-76],[-42,-6],[-28,-35],[-14,-83],[31,-87],[-59,42],[-46,-9],[-27,48],[-49,-5],[-2,-36],[-64,-58],[-12,-31],[-335,1],[-212,-96],[16,61],[-8,53],[-97,21]],[[8954,4987],[150,-137],[186,-160],[379,-40],[79,128],[30,-3],[38,66],[138,-23],[102,-48],[-12,-57],[58,-36],[39,-59],[3,-89],[57,-79],[-24,-76],[-103,13],[-73,-37],[-48,-7],[-20,-62],[333,-494],[110,-161],[-6,-47],[-28,-19],[-9,-89],[-42,-11],[-54,-94],[14,-58],[-68,-47],[-51,-56],[-44,-18],[-217,-246],[-87,-9],[-105,35],[-92,-14],[-82,-28],[-34,18],[-19,-31],[-103,-25],[-41,19],[-14,58],[-37,39],[-25,-34],[-40,28],[-33,-18],[-43,27],[-36,-30]],[[2043,3571],[-9,-113],[23,-95],[-12,-79],[-36,-25],[3,-102],[16,-51],[88,-117],[29,-129],[54,-1],[-65,-245],[0,-34],[39,-42],[59,27],[30,-16],[88,-125],[35,-20],[38,-57],[76,-40]],[[2499,2307],[-16,-51],[-41,2],[-9,-105],[-44,12],[-44,-54],[13,-25]],[[979,2132],[5,38],[35,31],[-23,97],[71,31],[26,36],[44,10],[-21,109],[-52,59],[-4,28],[-42,9],[-36,36],[-25,-4],[-31,73],[49,99],[-3,52],[53,88],[30,6],[62,49],[57,-57],[35,23],[46,82],[5,102],[-65,56],[-7,133],[-74,23],[-4,66],[39,-1],[17,28],[-19,91],[15,109],[-27,145],[-86,47]],[[1049,3826],[27,27],[57,3]],[[34,2348],[3,77],[126,37],[69,57],[18,88],[73,54],[10,56],[-4,90],[11,48],[56,40],[22,53],[-19,50],[14,90],[-26,82],[-23,28],[-57,0],[-20,32],[32,69],[13,104],[-45,57],[-142,57],[34,26],[37,-26],[80,42],[33,-26],[74,86],[34,19],[38,58],[85,34],[181,43],[94,0],[57,23],[15,-13],[82,-1],[38,-15],[22,59]],[[3491,2750],[-44,5],[-163,87],[-32,5],[-38,-28],[-67,-16],[-44,50],[-100,-33],[-43,-80],[-49,-60],[-2,-66],[-22,-16],[-55,40],[-73,-61],[-41,5],[-7,-24]],[[2711,2558],[-52,-4],[-40,-72],[-91,-103],[6,-26],[-35,-46]],[[4470,6892],[169,-163],[80,-42],[53,-6],[-33,-115],[14,-55],[167,-180]],[[4737,6057],[-25,-26],[-94,8],[-55,-21],[-119,32],[-27,-2],[-46,167],[-98,208],[28,63],[-24,35],[-84,17],[-25,90],[-50,-7],[-62,75],[-34,6],[-83,-69],[-21,14],[-39,-26],[-34,15],[22,62],[-81,161],[-45,23]],[[3741,6882],[243,224],[241,-66],[245,-148]],[[5212,5116],[-13,-42],[-44,13],[-26,33],[-101,2],[-63,-36]],[[4965,5086],[-36,-17],[-71,3],[-76,-31],[-40,-75],[-46,-10],[-60,-99],[3,-44],[39,-36]],[[3684,5224],[179,-5],[22,-45],[134,2],[21,67],[135,83],[109,32],[37,23],[100,-35]],[[4421,5346],[44,-46],[85,-50],[63,25],[27,39],[69,7],[2,87],[98,58],[33,-22],[-6,-41],[34,-21],[71,46]],[[4421,5346],[9,54],[49,73],[-13,18],[38,92],[-3,66],[-63,115],[-52,-31],[-150,22],[-74,50],[-89,13],[-19,35],[-88,-15],[-42,-95],[-33,-30],[-92,-24]],[[3352,6138],[114,36],[-41,100],[10,147],[83,250],[-25,6],[19,85],[215,107],[14,13]],[[5789,4158],[-23,90],[12,58],[29,9],[-13,53],[44,32],[-24,110],[66,6],[-3,54],[38,10],[41,-20],[11,-33],[80,-76],[9,41],[51,22],[-1,55]],[[4965,5086],[47,-43],[64,-31],[-22,-74],[-3,-78],[53,-16],[29,-39],[-9,-39]],[[7521,7298],[-72,-26],[-10,-68],[-43,-65],[-28,-2],[-54,-83],[-35,-7],[-8,-39],[-38,-13],[-11,-60],[-41,-1],[-46,47],[-125,-26],[-122,30],[-96,-46],[-23,-25],[-100,18],[-192,-6]],[[6477,6926],[-50,15],[-22,52],[-7,211],[-68,40],[-27,109],[-82,30],[1,57],[-80,108],[-25,84],[-92,65],[-5,58],[-47,13],[-50,59],[-94,18]],[[5829,7845],[240,212],[79,87],[95,71],[65,28],[314,2],[76,-100],[36,-3],[160,95],[96,-36],[225,-97],[93,-11],[134,4],[85,13],[8,-150],[-36,-29],[-8,-38],[45,-131],[-7,-41],[-70,-201],[-15,-72],[34,-106],[43,-44]],[[7521,7298],[94,-92],[35,-7],[82,-106],[23,-57],[-22,-40],[6,-46],[-45,-61],[17,-60],[33,-30],[-14,-23],[19,-62],[67,-72],[1,-31],[42,-8],[-8,-59],[58,-53],[8,-39]],[[7917,6452],[-39,-78],[-103,-19],[-31,-46],[-59,-4],[-48,17],[-96,-46],[-31,-66],[-56,-3],[-59,-76],[-46,-20],[-41,-50]],[[6415,6673],[71,49],[-7,41],[24,72],[-26,91]],[[4470,6892],[146,66],[10,171],[14,243],[96,10],[189,-8],[109,36],[471,329],[297,82],[27,24]],[[7917,6452],[72,-55],[10,-31],[39,-15],[-26,-68],[47,-54],[179,-2],[12,-72],[60,-34],[104,0],[68,-56],[41,-6],[33,-66],[-1,-63],[96,-39],[64,-67],[111,-39],[26,6],[55,-57],[-49,-19],[-26,45],[-31,5],[-1,-55],[-43,-19],[-64,15],[-87,52],[-81,3],[1,-416]],[[3244,1951],[-21,-4],[-115,-84],[-36,-62],[-77,-5],[-82,-41],[-42,23],[-33,48],[-88,2],[-98,-41],[-74,43],[-100,16],[-107,-35]],[[2711,2558],[17,-101],[40,-32],[65,17],[27,-42],[39,14],[133,-84],[2,-38],[62,-8],[-26,-48],[46,-60],[-47,-3],[-26,-33],[48,-32],[-27,-52],[27,-32],[18,39],[50,-32],[57,-7],[28,-73]],[[3665,2317],[-63,2],[-87,0],[-4,-55],[26,-35],[-25,-62],[-38,-15],[-38,-173],[-58,-81]],[[3378,1898],[-82,85],[-38,-51],[-14,19]],[[3568,1124],[5,-140],[20,-99],[33,-41],[7,-51],[-25,-48],[2,-42],[42,-68],[-2,-33],[-35,-23],[-41,-78],[3,-71],[33,-20],[21,-61],[-34,-60],[16,-66],[62,-47],[33,-46],[-26,-23],[-74,-107],[-46,26],[-92,103],[-42,59],[-85,168],[-38,106],[-29,35],[-41,-36],[-23,7],[-37,69],[-34,99],[-84,5],[-13,20],[-7,103]],[[3037,764],[-30,6],[-44,59],[-41,-8],[8,43],[-22,40],[30,70],[59,10],[10,39],[-62,48],[2,48],[132,-4],[73,13],[24,-83],[66,-73],[98,-46],[24,57],[-42,75],[54,40],[23,51],[78,4],[47,-44],[44,15]],[[3378,1898],[44,-36],[-46,-71],[56,-138],[-1,-27],[56,-104],[107,-46],[-74,-43],[-25,-102],[22,-32],[89,-45],[6,-55],[-38,-32],[-6,-43]],[[3037,764],[-107,-110],[-50,20],[-31,36],[-71,38],[-31,-7],[-64,19],[-104,2],[-65,-9],[-44,48],[-100,-15],[-104,-45],[-27,-34],[-118,18]]],"bbox":[-5.51892,9.40111,2.4050759220002647,15.08259000000021]}