{"type":"Topology","transform":{"scale":[0.0014735980264382839,0.00140982293282425],"translate":[0.166250000000105,11.696970000000137]},"objects":{"layer1":{"type":"GeometryCollection","geometries":[{"type":"Polygon","arcs":[[0,1,2]],"properties":{"ADM2_CODE":22551,"ADM2_NAME":"Arlit","STR2_YEAR":1000,"EXP2_YEAR":3000,"ADM1_CODE":2202,"ADM1_NAME":"Agadez","STATUS":"Member State","DISP_AREA":"NO","ADM0_CODE":181,"ADM0_NAME":"Niger","SHAPE_LENG":17.7640355256,"SHAPE_AREA":17.2776164497}},{"type":"Polygon","arcs":[[3,4,5,-3,6]],"properties":{"ADM2_CODE":22552,"ADM2_NAME":"Bilma","STR2_YEAR":1000,"EXP2_YEAR":3000,"ADM1_CODE":2202,"ADM1_NAME":"Agadez","STATUS":"Member State","DISP_AREA":"NO","ADM0_CODE":181,"ADM0_NAME":"Niger","SHAPE_LENG":20.6086723489,"SHAPE_AREA":24.0071630319}},{"type":"Polygon","arcs":[[-6,7,8,9,10,11,-1]],"properties":{"ADM2_CODE":22553,"ADM2_NAME":"Tchighozerine","STR2_YEAR":1000,"EXP2_YEAR":3000,"ADM1_CODE":2202,"ADM1_NAME":"Agadez","STATUS":"Member State","DISP_AREA":"NO","ADM0_CODE":181,"ADM0_NAME":"Niger","SHAPE_LENG":19.4510227591,"SHAPE_AREA":12.3051076649}},{"type":"Polygon","arcs":[[12,13,14]],"properties":{"ADM2_CODE":22554,"ADM2_NAME":"Diffa","STR2_YEAR":1000,"EXP2_YEAR":3000,"ADM1_CODE":2203,"ADM1_NAME":"Diffa","STATUS":"Member State","DISP_AREA":"NO","ADM0_CODE":181,"ADM0_NAME":"Niger","SHAPE_LENG":5.26863435513,"SHAPE_AREA":0.56390076863}},{"type":"Polygon","arcs":[[-13,15,16,17]],"properties":{"ADM2_CODE":22555,"ADM2_NAME":"Maine-soroa","STR2_YEAR":1000,"EXP2_YEAR":3000,"ADM1_CODE":2203,"ADM1_NAME":"Diffa","STATUS":"Member State","DISP_AREA":"NO","ADM0_CODE":181,"ADM0_NAME":"Niger","SHAPE_LENG":5.78973740823,"SHAPE_AREA":1.28994400022}},{"type":"Polygon","arcs":[[18,-14,-18,19,-4]],"properties":{"ADM2_CODE":22556,"ADM2_NAME":"N'guigmi","STR2_YEAR":1000,"EXP2_YEAR":3000,"ADM1_CODE":2203,"ADM1_NAME":"Diffa","STATUS":"Member State","DISP_AREA":"NO","ADM0_CODE":181,"ADM0_NAME":"Niger","SHAPE_LENG":14.0073548753,"SHAPE_AREA":10.460770386}},{"type":"Polygon","arcs":[[20,21,22,23,24,25]],"properties":{"ADM2_CODE":22557,"ADM2_NAME":"Birni N'gaoure","STR2_YEAR":1000,"EXP2_YEAR":3000,"ADM1_CODE":2204,"ADM1_NAME":"Dosso","STATUS":"Member State","DISP_AREA":"NO","ADM0_CODE":181,"ADM0_NAME":"Niger","SHAPE_LENG":4.02191683599,"SHAPE_AREA":0.37467855978}},{"type":"Polygon","arcs":[[26,27,28,29,30,31,32]],"properties":{"ADM2_CODE":22558,"ADM2_NAME":"Dogondoutchi","STR2_YEAR":1000,"EXP2_YEAR":3000,"ADM1_CODE":2204,"ADM1_NAME":"Dosso","STATUS":"Member State","DISP_AREA":"NO","ADM0_CODE":181,"ADM0_NAME":"Niger","SHAPE_LENG":5.41300637389,"SHAPE_AREA":0.94130598588}},{"type":"Polygon","arcs":[[-30,33,34,-22,35]],"properties":{"ADM2_CODE":22559,"ADM2_NAME":"Dosso","STR2_YEAR":1000,"EXP2_YEAR":3000,"ADM1_CODE":2204,"ADM1_NAME":"Dosso","STATUS":"Member State","DISP_AREA":"NO","ADM0_CODE":181,"ADM0_NAME":"Niger","SHAPE_LENG":4.40099297358,"SHAPE_AREA":0.66618541714}},{"type":"Polygon","arcs":[[36,-34,-29]],"properties":{"ADM2_CODE":22560,"ADM2_NAME":"Gaya","STR2_YEAR":1000,"EXP2_YEAR":3000,"ADM1_CODE":2204,"ADM1_NAME":"Dosso","STATUS":"Member State","DISP_AREA":"NO","ADM0_CODE":181,"ADM0_NAME":"Niger","SHAPE_LENG":3.38331627235,"SHAPE_AREA":0.34058641678}},{"type":"Polygon","arcs":[[-36,-21,37,-31]],"properties":{"ADM2_CODE":22561,"ADM2_NAME":"Loga","STR2_YEAR":1000,"EXP2_YEAR":3000,"ADM1_CODE":2204,"ADM1_NAME":"Dosso","STATUS":"Member State","DISP_AREA":"NO","ADM0_CODE":181,"ADM0_NAME":"Niger","SHAPE_LENG":3.41772273078,"SHAPE_AREA":0.31955985692}},{"type":"Polygon","arcs":[[38,39,40,41,42]],"properties":{"ADM2_CODE":22562,"ADM2_NAME":"Aguie","STR2_YEAR":1000,"EXP2_YEAR":3000,"ADM1_CODE":2205,"ADM1_NAME":"Maradi","STATUS":"Member State","DISP_AREA":"NO","ADM0_CODE":181,"ADM0_NAME":"Niger","SHAPE_LENG":2.43214909644,"SHAPE_AREA":0.23821116457}},{"type":"Polygon","arcs":[[43,44,45,46,47,48,49,-10]],"properties":{"ADM2_CODE":22563,"ADM2_NAME":"Dakoro","STR2_YEAR":1000,"EXP2_YEAR":3000,"ADM1_CODE":2205,"ADM1_NAME":"Maradi","STATUS":"Member State","DISP_AREA":"NO","ADM0_CODE":181,"ADM0_NAME":"Niger","SHAPE_LENG":6.31451599918,"SHAPE_AREA":1.3879510091}},{"type":"Polygon","arcs":[[50,-42,51,52,53,-46]],"properties":{"ADM2_CODE":22564,"ADM2_NAME":"Guidan Roumji","STR2_YEAR":1000,"EXP2_YEAR":3000,"ADM1_CODE":2205,"ADM1_NAME":"Maradi","STATUS":"Member State","DISP_AREA":"NO","ADM0_CODE":181,"ADM0_NAME":"Niger","SHAPE_LENG":3.44748769775,"SHAPE_AREA":0.39184530467}},{"type":"Polygon","arcs":[[54,-52,-41]],"properties":{"ADM2_CODE":22565,"ADM2_NAME":"Madarounfa","STR2_YEAR":1000,"EXP2_YEAR":3000,"ADM1_CODE":2205,"ADM1_NAME":"Maradi","STATUS":"Member State","DISP_AREA":"NO","ADM0_CODE":181,"ADM0_NAME":"Niger","SHAPE_LENG":2.59368583582,"SHAPE_AREA":0.30388162582}},{"type":"Polygon","arcs":[[55,-43,-51,-45,56]],"properties":{"ADM2_CODE":22566,"ADM2_NAME":"Mayahi","STR2_YEAR":1000,"EXP2_YEAR":3000,"ADM1_CODE":2205,"ADM1_NAME":"Maradi","STATUS":"Member State","DISP_AREA":"NO","ADM0_CODE":181,"ADM0_NAME":"Niger","SHAPE_LENG":3.44990894585,"SHAPE_AREA":0.54369773545}},{"type":"Polygon","arcs":[[57,58,59,-39,-56,60]],"properties":{"ADM2_CODE":22567,"ADM2_NAME":"Tessaoua","STR2_YEAR":1000,"EXP2_YEAR":3000,"ADM1_CODE":2205,"ADM1_NAME":"Maradi","STATUS":"Member State","DISP_AREA":"NO","ADM0_CODE":181,"ADM0_NAME":"Niger","SHAPE_LENG":3.99956416143,"SHAPE_AREA":0.4267741016}},{"type":"Polygon","arcs":[[61,62,63]],"properties":{"ADM2_CODE":22568,"ADM2_NAME":"Commune 1","STR2_YEAR":1000,"EXP2_YEAR":3000,"ADM1_CODE":2206,"ADM1_NAME":"Niamey","STATUS":"Member State","DISP_AREA":"NO","ADM0_CODE":181,"ADM0_NAME":"Niger","SHAPE_LENG":0.35452224623,"SHAPE_AREA":0.00693093946}},{"type":"Polygon","arcs":[[64,-62,65]],"properties":{"ADM2_CODE":22569,"ADM2_NAME":"Commune 2","STR2_YEAR":1000,"EXP2_YEAR":3000,"ADM1_CODE":2206,"ADM1_NAME":"Niamey","STATUS":"Member State","DISP_AREA":"NO","ADM0_CODE":181,"ADM0_NAME":"Niger","SHAPE_LENG":0.4023771903,"SHAPE_AREA":0.01034213789}},{"type":"Polygon","arcs":[[-65,66,-63]],"properties":{"ADM2_CODE":22570,"ADM2_NAME":"Commune 3","STR2_YEAR":1000,"EXP2_YEAR":3000,"ADM1_CODE":2206,"ADM1_NAME":"Niamey","STATUS":"Member State","DISP_AREA":"NO","ADM0_CODE":181,"ADM0_NAME":"Niger","SHAPE_LENG":0.28461096364,"SHAPE_AREA":0.00339497398}},{"type":"Polygon","arcs":[[67,68,-27,69,70]],"properties":{"ADM2_CODE":22571,"ADM2_NAME":"Birni N'konni","STR2_YEAR":1000,"EXP2_YEAR":3000,"ADM1_CODE":2207,"ADM1_NAME":"Tahoua","STATUS":"Member State","DISP_AREA":"NO","ADM0_CODE":181,"ADM0_NAME":"Niger","SHAPE_LENG":3.50298820995,"SHAPE_AREA":0.40568466726}},{"type":"Polygon","arcs":[[71,-71,72,73,-48]],"properties":{"ADM2_CODE":22572,"ADM2_NAME":"Bouza","STR2_YEAR":1000,"EXP2_YEAR":3000,"ADM1_CODE":2207,"ADM1_NAME":"Tahoua","STATUS":"Member State","DISP_AREA":"NO","ADM0_CODE":181,"ADM0_NAME":"Niger","SHAPE_LENG":2.85800733783,"SHAPE_AREA":0.29724068609}},{"type":"Polygon","arcs":[[74,-73,-70,-33,75,76]],"properties":{"ADM2_CODE":22573,"ADM2_NAME":"Illela","STR2_YEAR":1000,"EXP2_YEAR":3000,"ADM1_CODE":2207,"ADM1_NAME":"Tahoua","STATUS":"Member State","DISP_AREA":"NO","ADM0_CODE":181,"ADM0_NAME":"Niger","SHAPE_LENG":3.94651544226,"SHAPE_AREA":0.54299413283}},{"type":"Polygon","arcs":[[-49,-74,-75,77,78]],"properties":{"ADM2_CODE":22574,"ADM2_NAME":"Keita","STR2_YEAR":1000,"EXP2_YEAR":3000,"ADM1_CODE":2207,"ADM1_NAME":"Tahoua","STATUS":"Member State","DISP_AREA":"NO","ADM0_CODE":181,"ADM0_NAME":"Niger","SHAPE_LENG":3.41446917888,"SHAPE_AREA":0.41603627023}},{"type":"Polygon","arcs":[[-54,79,-68,-72,-47]],"properties":{"ADM2_CODE":22575,"ADM2_NAME":"Madaoua","STR2_YEAR":1000,"EXP2_YEAR":3000,"ADM1_CODE":2207,"ADM1_NAME":"Tahoua","STATUS":"Member State","DISP_AREA":"NO","ADM0_CODE":181,"ADM0_NAME":"Niger","SHAPE_LENG":2.68545696673,"SHAPE_AREA":0.35866715822}},{"type":"Polygon","arcs":[[-78,-77,80,81]],"properties":{"ADM2_CODE":22576,"ADM2_NAME":"Tahoua","STR2_YEAR":1000,"EXP2_YEAR":3000,"ADM1_CODE":2207,"ADM1_NAME":"Tahoua","STATUS":"Member State","DISP_AREA":"NO","ADM0_CODE":181,"ADM0_NAME":"Niger","SHAPE_LENG":4.00938764036,"SHAPE_AREA":0.76605529586}},{"type":"Polygon","arcs":[[-50,-79,-82,82,83,-11]],"properties":{"ADM2_CODE":22577,"ADM2_NAME":"Tchin Tabaradene","STR2_YEAR":1000,"EXP2_YEAR":3000,"ADM1_CODE":2207,"ADM1_NAME":"Tahoua","STATUS":"Member State","DISP_AREA":"NO","ADM0_CODE":181,"ADM0_NAME":"Niger","SHAPE_LENG":11.8782878058,"SHAPE_AREA":6.1644520137}},{"type":"Polygon","arcs":[[-81,-76,-32,-38,-26,84,85,86,-83]],"properties":{"ADM2_CODE":22578,"ADM2_NAME":"Filingue","STR2_YEAR":1000,"EXP2_YEAR":3000,"ADM1_CODE":2208,"ADM1_NAME":"Tillaberi","STATUS":"Member State","DISP_AREA":"NO","ADM0_CODE":181,"ADM0_NAME":"Niger","SHAPE_LENG":6.9142728856,"SHAPE_AREA":2.0259331686}},{"type":"Polygon","arcs":[[-85,-25,87,88,89,90],[-67,-66,-64]],"properties":{"ADM2_CODE":22579,"ADM2_NAME":"Kollo","STR2_YEAR":1000,"EXP2_YEAR":3000,"ADM1_CODE":2208,"ADM1_NAME":"Tillaberi","STATUS":"Member State","DISP_AREA":"NO","ADM0_CODE":181,"ADM0_NAME":"Niger","SHAPE_LENG":6.36744800159,"SHAPE_AREA":0.66926343779}},{"type":"Polygon","arcs":[[-86,-91,91,92]],"properties":{"ADM2_CODE":22580,"ADM2_NAME":"Ouallam","STR2_YEAR":1000,"EXP2_YEAR":3000,"ADM1_CODE":2208,"ADM1_NAME":"Tillaberi","STATUS":"Member State","DISP_AREA":"NO","ADM0_CODE":181,"ADM0_NAME":"Niger","SHAPE_LENG":5.77811392032,"SHAPE_AREA":1.73908587302}},{"type":"Polygon","arcs":[[-88,-24,93,94]],"properties":{"ADM2_CODE":22581,"ADM2_NAME":"Say","STR2_YEAR":1000,"EXP2_YEAR":3000,"ADM1_CODE":2208,"ADM1_NAME":"Tillaberi","STATUS":"Member State","DISP_AREA":"NO","ADM0_CODE":181,"ADM0_NAME":"Niger","SHAPE_LENG":8.10499770096,"SHAPE_AREA":1.23267588561}},{"type":"Polygon","arcs":[[95,-89,-95,96]],"properties":{"ADM2_CODE":22582,"ADM2_NAME":"Tera","STR2_YEAR":1000,"EXP2_YEAR":3000,"ADM1_CODE":2208,"ADM1_NAME":"Tillaberi","STATUS":"Member State","DISP_AREA":"NO","ADM0_CODE":181,"ADM0_NAME":"Niger","SHAPE_LENG":5.63394425398,"SHAPE_AREA":1.2526864024}},{"type":"Polygon","arcs":[[-90,-96,97,-92]],"properties":{"ADM2_CODE":22583,"ADM2_NAME":"Tillaberi","STR2_YEAR":1000,"EXP2_YEAR":3000,"ADM1_CODE":2208,"ADM1_NAME":"Tillaberi","STATUS":"Member State","DISP_AREA":"NO","ADM0_CODE":181,"ADM0_NAME":"Niger","SHAPE_LENG":4.52052962858,"SHAPE_AREA":0.6841537841}},{"type":"Polygon","arcs":[[-17,98,99,100,101,-8,-5,-20]],"properties":{"ADM2_CODE":22584,"ADM2_NAME":"Goure","STR2_YEAR":1000,"EXP2_YEAR":3000,"ADM1_CODE":2209,"ADM1_NAME":"Zinder","STATUS":"Member State","DISP_AREA":"NO","ADM0_CODE":181,"ADM0_NAME":"Niger","SHAPE_LENG":12.8038229338,"SHAPE_AREA":7.51089195954}},{"type":"Polygon","arcs":[[102,103,104,-100]],"properties":{"ADM2_CODE":22585,"ADM2_NAME":"Magaria","STR2_YEAR":1000,"EXP2_YEAR":3000,"ADM1_CODE":2209,"ADM1_NAME":"Zinder","STATUS":"Member State","DISP_AREA":"NO","ADM0_CODE":181,"ADM0_NAME":"Niger","SHAPE_LENG":4.09007256342,"SHAPE_AREA":0.66792823364}},{"type":"Polygon","arcs":[[-104,105,-59,106]],"properties":{"ADM2_CODE":22586,"ADM2_NAME":"Matamey","STR2_YEAR":1000,"EXP2_YEAR":3000,"ADM1_CODE":2209,"ADM1_NAME":"Zinder","STATUS":"Member State","DISP_AREA":"NO","ADM0_CODE":181,"ADM0_NAME":"Niger","SHAPE_LENG":2.00013444943,"SHAPE_AREA":0.18488480416}},{"type":"Polygon","arcs":[[-105,-107,-58,107,-101]],"properties":{"ADM2_CODE":22587,"ADM2_NAME":"Miria","STR2_YEAR":1000,"EXP2_YEAR":3000,"ADM1_CODE":2209,"ADM1_NAME":"Zinder","STATUS":"Member State","DISP_AREA":"NO","ADM0_CODE":181,"ADM0_NAME":"Niger","SHAPE_LENG":5.45295809623,"SHAPE_AREA":1.12211036319}},{"type":"Polygon","arcs":[[-108,-61,-57,-44,-9,-102]],"properties":{"ADM2_CODE":22588,"ADM2_NAME":"Tanout","STR2_YEAR":1000,"EXP2_YEAR":3000,"ADM1_CODE":2209,"ADM1_NAME":"Zinder","STATUS":"Member State","DISP_AREA":"NO","ADM0_CODE":181,"ADM0_NAME":"Niger","SHAPE_LENG":7.60846568014,"SHAPE_AREA":2.77938534684}}],"bbox":[0.166250000000105,11.696970000000137,15.995640000000149,23.512696000000176]}},"arcs":[[[7343,4479],[-210,-6],[-162,-6],[-161,-2],[-330,-10],[-158,-5],[-191,-2],[-345,-8],[-341,-7],[-196,-7],[-170,-1],[-334,-9],[-109,-1],[-232,-6],[-320,-6],[-97,3],[1,37],[-18,87],[20,94],[24,213],[-6,43],[0,87],[16,44],[-6,44],[-118,234],[-6,32],[3,37],[-9,37],[-17,14],[-36,12],[-11,21],[12,55]],[[3836,5497],[195,175],[513,457],[405,357],[226,145],[630,398],[1008,623],[520,314]],[[7333,7966],[10,-323],[2,-326],[3,-332],[-2,-187],[3,-153],[-1,-185],[2,-174],[3,-307],[-1,-338],[3,-344],[0,-190],[1,-176],[0,-172],[-13,-280]],[[10446,4475],[-166,7],[-586,-6],[-357,-6],[-117,0],[-178,-3],[-232,0],[-93,-1],[-143,-76],[-275,-142],[-215,-113],[-57,-23]],[[8027,4112],[-268,-88],[-86,-45],[-234,-115],[-97,-60]],[[7342,3804],[-3,178],[4,356],[0,141]],[[7333,7966],[265,160],[431,255],[55,-10],[242,-54],[199,-44],[312,-71],[142,-30],[100,-43],[92,-60],[218,-193],[127,-111],[178,82],[171,81],[199,91],[1,-4],[36,-190],[43,-230],[53,-294],[4,-354],[61,-42],[28,-43],[201,-289],[-44,-38],[-10,-21],[30,-75],[19,-23],[53,-44],[33,-36],[81,-119],[89,-80],[-107,-189],[-57,-96],[-31,-234],[-22,-183],[-30,-232],[-26,-213],[-6,-155],[-13,-260],[-4,-100]],[[7342,3804],[-302,-204],[-191,-131],[-37,-25],[-239,-164],[-111,-74],[-44,-34]],[[6418,3172],[-96,-64],[-85,-63],[-41,-26],[-142,-47],[-41,-11],[-177,-96],[-53,-24],[-144,-77],[-114,-35],[-103,5],[-119,-32],[-44,2],[-119,17],[-94,20],[-33,-6],[-35,11],[-100,-177]],[[4878,2569],[-59,26],[-166,59],[-109,-6],[-93,-1]],[[4451,2647],[-23,88],[-73,245],[39,209],[-46,23],[-100,41],[-19,11],[-37,43],[-19,40],[-40,102],[-79,184],[-24,38],[-43,52],[-202,157],[-93,74],[-125,74],[-79,37],[-58,31],[-53,116],[-35,47],[-27,22],[-94,48],[-16,14],[-9,72],[-97,20],[-3,38],[60,90],[0,86],[-33,90],[-6,32],[15,49],[43,61],[17,72],[-165,1],[-195,-3],[-65,-4]],[[2767,4947],[-1,332],[265,54],[320,65],[481,95],[4,4]],[[8238,994],[-97,247],[-20,187],[70,16],[144,27]],[[8335,1471],[162,8],[101,14],[192,32],[288,43],[29,9]],[[9107,1577],[33,-149],[-148,-1],[-58,4],[-27,-40],[-13,-7],[-13,-36],[-18,-6],[7,-18],[-28,-26],[-36,12],[-24,-3],[-11,-16],[-46,14],[-47,-18],[-24,-17],[-31,10],[-13,-40],[-62,-41],[-17,-27],[2,-16],[-30,-6],[-6,-18],[-42,-10],[-25,4],[-26,-57],[0,-30],[-24,-6],[-18,-20],[5,-19],[-27,-17],[-52,2],[-39,6],[-11,9]],[[8238,994],[-33,14],[-31,-1],[-8,9],[-47,-27],[-18,2],[-38,23],[-81,68],[-36,19],[-122,27],[-39,13],[-79,34],[-86,12],[-91,3],[-122,0],[-71,-2],[-209,-11]],[[7127,1177],[-37,115],[61,57],[81,82],[1,61],[7,24],[110,100],[58,69],[117,81],[56,-24],[143,25],[81,60],[65,55],[29,18],[49,-3],[81,37]],[[8029,1934],[22,3],[4,-91],[0,-190],[209,-10],[71,-175]],[[10446,4475],[-14,-288],[-17,-363],[-6,-135],[-35,-39],[-132,-144],[-176,-191],[-58,-67],[-206,-227],[-153,-159],[-74,-102],[-116,-169],[-91,-137],[-69,-81],[-12,-24],[-42,-103],[2,-43],[12,-58],[-28,-21],[-16,5],[-46,-44],[10,-17],[2,-44],[-35,-25],[-49,-7],[-53,-22],[-14,-22],[5,-45],[72,-326]],[[8029,1934],[-45,19],[-13,56],[8,30],[53,27],[-1,155],[0,222],[-2,148],[0,291],[0,375],[-1,177],[0,326],[-1,352]],[[1997,1355],[-8,-10],[-9,-47],[-60,-83]],[[1920,1215],[0,-40],[-16,-120],[10,-41],[-11,-98],[15,-29],[-23,-37],[22,-10],[-1,-36],[-12,-13],[0,-48],[-10,-24],[9,-29],[-2,-84],[18,-195]],[[1919,411],[-21,8],[-53,64],[-29,18]],[[1816,501],[-2,9],[-45,16],[-18,16],[-2,52],[-14,26],[-29,-34],[-25,6],[2,27],[-18,18]],[[1665,637],[7,50],[-7,44],[-22,52],[23,55],[52,23],[-2,30],[-108,16],[-45,100],[2,38],[24,19],[52,-10],[51,26],[0,21],[22,12],[53,2],[40,-11],[4,61],[19,49],[-15,33],[6,67]],[[1821,1314],[19,-13],[30,-3],[1,24],[29,42],[53,-10],[44,1]],[[2904,1713],[13,-75],[39,-49],[34,-66],[17,-80]],[[3007,1443],[-20,-5],[-46,-28],[-25,-5],[-157,-145],[-67,-1],[1,-167],[0,-50],[-22,-119],[-39,-72],[-18,-20],[-57,-86],[-65,-53]],[[2492,692],[-39,49],[-25,22],[-17,50],[-66,70]],[[2345,883],[26,43],[36,69],[1,110],[35,2],[-2,24],[-21,0]],[[2420,1131],[0,13],[38,1],[0,9],[51,23],[7,13],[-33,31],[0,38],[31,0],[23,49],[-8,7],[-112,2],[29,32],[0,100],[-16,-1],[-56,157]],[[2374,1605],[39,34],[11,17],[10,46],[3,50],[17,35],[42,46],[20,37],[57,40],[16,2],[124,32],[0,40],[59,25],[3,75]],[[2775,2084],[59,-21],[61,-119],[-14,-105],[23,-126]],[[2345,883],[-64,-62],[-6,-14],[23,-41],[-3,-36],[-18,-56],[-74,0],[-20,-12],[18,-99],[-9,-61],[-21,-16],[-49,-70],[-4,-17],[8,-29],[-13,-60],[-71,-19]],[[2042,291],[-33,23],[1,10],[-31,16],[-60,71]],[[1920,1215],[73,-114],[94,46],[48,157],[61,45],[82,-87],[-34,-117],[147,-14],[29,0]],[[2492,692],[-40,-32],[-78,-69],[-4,-26],[-6,-117],[6,-55],[-11,-31],[-4,-55],[26,-92],[-6,-19],[-33,-40],[4,-46],[29,-29],[9,-34],[-7,-9],[-43,-38],[-38,27],[6,31],[-24,6],[-1,20],[-24,29],[-31,15],[-39,6],[-42,-3],[-12,24],[-14,14],[-18,44],[9,10],[-20,15],[-44,53]],[[1997,1355],[15,94],[22,50],[111,-47],[99,40],[28,21],[102,92]],[[5140,1446],[50,-51],[30,-70],[52,-28],[24,2],[15,30],[21,-1],[17,-30],[70,-17],[19,-16],[9,-64],[-40,-34],[-19,-38]],[[5388,1129],[-74,19],[-93,13],[-24,4],[-30,-13],[-113,-73]],[[5054,1079],[-23,26],[-10,62],[-27,14],[-57,-14],[-22,13],[-13,44],[25,73],[13,18]],[[4940,1315],[28,29],[-1,48],[-26,33]],[[4941,1425],[69,-1],[27,15],[26,0],[34,19],[43,-12]],[[4878,2569],[46,-22],[-7,-102],[53,-94],[17,-138],[26,-32],[-10,-44],[40,-8],[44,-28],[36,-15],[-10,-76],[4,-44],[49,-34]],[[5166,1932],[-55,-55],[-127,42],[-42,58],[-54,2],[-10,18],[-90,-1],[0,-14],[-20,-19],[-18,-47],[12,-61],[14,-22],[-10,-47],[25,-34],[1,-37],[17,-12],[2,-67],[-5,-45],[52,-46],[7,-24],[50,-59]],[[4915,1462],[-130,3],[-56,28],[-40,2],[-22,38],[-100,35],[-103,-12],[-90,-58],[-95,28],[-37,-31],[-47,31]],[[4195,1526],[-12,2],[-1,54],[56,46],[4,11],[33,4],[40,23],[-3,62],[14,7],[-4,100],[-26,15],[-10,42]],[[4286,1892],[-5,51],[1,39],[39,159],[14,73]],[[4335,2214],[2,130]],[[4337,2344],[31,121],[19,62],[47,92],[17,28]],[[4915,1462],[26,-37]],[[4940,1315],[-101,-23],[-51,17],[-60,-5],[-22,-19],[-44,6],[-38,-22],[-48,-10],[-6,-17],[4,-34],[-21,-21],[-15,4],[-37,-17],[-23,-56],[25,-41],[-12,-30]],[[4491,1047],[-59,105],[-13,24],[-103,105],[-19,37],[-57,60],[-87,48]],[[4153,1426],[-6,19],[15,30],[48,20],[-15,31]],[[5054,1079],[-46,-28],[-81,-48],[-38,-9],[-97,9],[-52,-56],[-57,-21],[-39,-8],[-55,-1],[-54,66],[-44,64]],[[5365,1952],[-9,-105],[-22,-45],[-49,-142],[83,19],[-24,-38],[33,-2],[-22,-26],[1,-30],[-40,-47],[-77,-60],[-33,-14],[-31,-3],[-35,-13]],[[5166,1932],[44,2],[73,66],[28,-1],[13,-43],[41,-4]],[[5666,1745],[-2,-62],[20,-41],[-17,-96],[-31,-7],[-99,-54],[-69,-51],[0,-33],[53,-36]],[[5521,1365],[33,-27],[-21,-31],[8,-35],[10,-84],[-18,-14],[-9,-44],[-21,-29],[-13,-30]],[[5490,1071],[-30,9],[-32,28],[-40,21]],[[5365,1952],[63,-18],[16,-21],[50,-7],[19,-24],[18,-6],[49,-54],[24,-52],[62,-25]],[[1356,1325],[-39,-41]],[[1317,1284],[-46,12]],[[1271,1296],[-8,15],[67,42],[26,-28]],[[1340,1238],[-9,30],[-14,16]],[[1356,1325],[47,-50],[-8,-35],[-34,-14],[-21,12]],[[1340,1238],[-54,31],[-15,27]],[[3772,1762],[3,-110],[9,-13],[-4,-135]],[[3780,1504],[-80,31],[-59,27],[-46,-21],[-74,-22],[-9,-20],[-41,-50],[-22,-1],[-29,-1],[-85,7],[-44,-10],[-20,7],[-52,4],[-26,24],[-186,-36]],[[2904,1713],[70,-5],[146,-18],[106,-15],[62,17],[51,34],[115,-78],[79,97],[104,35],[106,40]],[[3743,1820],[15,-51],[14,-7]],[[4286,1892],[-56,-59],[-74,-23],[-27,0],[-35,10],[-33,-11],[-55,16],[-45,-5],[-114,-33],[-75,-17],[0,-8]],[[3743,1820],[-22,87],[18,43],[-1,27],[15,23]],[[3753,2000],[187,29],[10,55],[34,7],[46,-5],[-4,27],[15,17],[43,6],[55,-45],[37,-2],[26,-10],[80,-2],[30,136],[23,1]],[[3527,2017],[49,-8],[79,-20],[98,11]],[[2775,2084],[-33,37]],[[2742,2121],[188,5],[56,-80],[136,-52],[57,-24],[34,17],[63,-18],[29,8],[59,30],[49,9],[55,-4],[16,14],[43,-9]],[[3527,2017],[16,39],[20,20],[64,11],[35,24],[11,39],[19,19],[3,18],[-13,30],[33,17],[17,40],[-4,47],[-19,83]],[[3709,2404],[100,17],[42,-47],[163,-27],[129,0],[194,-3]],[[4153,1426],[-37,6],[-62,-22],[-43,23],[-174,57],[-57,14]],[[2742,2121],[-59,63],[0,94],[6,73]],[[2689,2351],[123,-3],[96,0],[218,97],[95,-20],[31,-10],[115,10],[134,25],[30,12],[36,6],[37,22],[89,-35],[16,-51]],[[2689,2351],[-17,111],[-90,212],[-67,160]],[[2515,2834],[23,58],[7,67],[17,47],[43,36],[-12,53],[61,184],[2,154],[-2,266],[111,54],[-1,287],[1,336],[0,98],[1,273],[1,200]],[[1821,1314],[-32,35],[15,43],[-78,4],[-17,8],[-30,38],[-17,63],[-52,40]],[[1610,1545],[15,26],[-19,44],[6,27],[14,10],[-1,36],[57,28],[14,-8],[61,-2],[7,7],[-23,33],[41,3],[-5,33],[-20,30],[40,107],[-19,64],[10,74],[1,62],[-11,37],[-1,100],[10,11],[43,13],[133,98],[3,30],[-19,77],[-7,56],[-13,47]],[[1927,2588],[62,-3],[292,0],[7,104],[47,27],[67,80],[23,12],[56,5],[34,21]],[[1665,637],[-17,-34],[-20,-23],[-36,47],[3,19],[18,16],[-10,21],[-20,4],[-14,20],[14,26],[-14,43],[-22,31],[-40,34],[-11,69],[8,21],[-7,30],[5,33],[-9,36],[1,77],[-48,50],[-125,70],[-9,11],[-24,-4],[-17,34],[-50,17],[-3,17],[-20,20],[-10,-5],[-10,-48],[-22,-48],[12,-40],[-19,-23],[-7,23],[-30,26],[-16,37],[-24,25],[-23,2],[-16,14],[-39,2],[-11,10],[-54,11],[-19,16],[-16,40]],[[894,1364],[4,37],[23,7],[10,17],[29,10],[34,44]],[[994,1479],[42,-24],[37,21],[27,50],[48,23]],[[1148,1549],[21,-7],[26,7],[32,-16],[22,2],[22,23],[24,1],[27,-23],[46,-17],[40,14],[195,9],[7,3]],[[1148,1549],[23,22],[-13,97],[-50,12],[-16,10],[-24,53],[-13,49],[-25,122],[-1,20],[-73,140],[-33,53],[-17,10],[-2,244],[13,160]],[[917,2541],[286,21],[245,22],[223,19],[100,-7],[156,-8]],[[1816,501],[-38,-12],[-17,-25],[-26,1],[-19,-49],[-20,16],[-49,-5],[-9,-15],[-25,-3],[-14,15],[-12,-20],[-21,5],[-7,-15],[-55,-1],[-4,-26],[10,-15],[-6,-18],[10,-14],[-4,-25],[20,-26],[30,-68],[-43,-23],[2,-34],[-57,78],[-173,242],[11,30],[25,4],[38,18],[53,-6],[12,37],[-29,38],[-1,43],[-21,30],[-30,17],[6,28],[-52,23],[-72,12],[-19,-32],[-16,1],[-41,-63],[-196,20],[-97,78],[-78,67],[-136,115],[-82,0],[-4,60],[0,203],[42,-1],[45,-26],[33,-7],[23,9],[0,27],[16,-2],[13,-22],[26,9]],[[758,1174],[26,13],[-12,41],[20,20],[-18,26],[6,18],[34,-13],[17,25],[-23,25],[12,26],[37,-17],[7,21],[30,5]],[[364,2304],[19,1],[27,-20],[50,-24],[6,-15],[-10,-45],[6,-25],[17,-9],[-6,-28],[7,-40],[30,-25],[40,-10],[20,-31],[33,-26],[9,-28],[47,-67],[53,-33],[23,-32],[55,-42],[55,-20],[22,-29],[34,-30],[7,-64],[13,-30],[-5,-21],[18,-43],[0,-16],[23,-17],[17,-47],[20,-9]],[[758,1174],[-29,28],[-13,-3],[-57,19],[-34,33],[-50,19],[1,31],[-17,32],[-21,3],[-35,27],[-54,0],[-31,17],[-7,35],[-93,1],[-24,26],[13,34],[-20,7],[-5,15],[-37,27],[-4,19],[-30,26],[4,29],[-22,4],[0,15],[-35,35],[-10,31],[7,11],[-17,15],[-9,29],[24,29],[-3,23],[11,20],[-12,27],[-43,52],[-18,4],[-48,45],[-23,21],[-17,52],[8,35],[36,98],[3,20],[-23,65],[5,18],[18,14],[-4,74],[51,-4],[66,-11],[75,23],[17,-15],[35,-2],[77,-23]],[[364,2304],[11,10],[162,11],[11,3],[211,184],[27,19],[131,10]],[[7127,1177],[-73,-26],[-64,-26],[-176,-11],[-12,-5],[-87,-40],[-44,-29],[-57,-66],[-27,-24]],[[6587,950],[-10,21],[-44,57],[-48,112],[-18,30],[-40,44],[-23,158]],[[6404,1372],[61,26],[5,86],[12,112],[19,37],[106,47],[37,26],[-13,9],[19,80],[-96,54],[-34,67],[-26,13],[-56,-44],[-30,18],[-69,-6],[-92,70],[-7,27]],[[6240,1994],[-1,132],[7,17],[103,63],[73,94],[0,127],[-3,57],[-2,332],[-2,189],[3,167]],[[6587,950],[-18,-15],[-35,-52],[-98,-98],[-46,3],[-63,2],[-67,9],[-58,-9],[-58,13],[-111,6],[-72,3],[-115,39],[-57,14],[-33,16],[-11,27],[-46,43],[-44,21],[-57,-9],[-28,25],[-43,46]],[[5527,1034],[17,17],[57,-3],[49,7],[20,15],[35,-2],[11,-13],[29,2],[20,23],[18,48],[52,-3]],[[5835,1125],[16,2],[63,-12],[34,-15],[23,1],[26,31],[23,5],[63,-7],[47,17],[23,43],[13,8],[14,79],[33,32],[24,38],[96,4],[71,21]],[[5527,1034],[-37,37]],[[5521,1365],[75,21],[68,-4],[58,14],[40,-1],[0,-61],[11,-57],[18,-5],[18,16],[17,-10],[17,-49],[-10,-34],[12,-37],[-10,-33]],[[5666,1745],[1,42],[58,0],[0,-24],[35,-50],[190,74],[4,46],[49,4],[17,49],[28,28],[149,25],[43,55]]],"bbox":[0.166250000000105,11.696970000000137,15.995640000000149,23.512696000000176]}