{"type":"Topology","transform":{"scale":[0.0007327351479703969,0.0007886819351230415],"translate":[0.7745700000000001,6.225751024000147]},"objects":{"layer1":{"type":"GeometryCollection","geometries":[{"type":"Polygon","arcs":[[0,1,2,3,4]],"properties":{"ADM2_CODE":5861,"ADM2_NAME":"Banikoara","STR2_YEAR":1000,"EXP2_YEAR":3000,"ADM1_CODE":609,"ADM1_NAME":"Alibori","STATUS":"Member State","DISP_AREA":"NO","ADM0_CODE":29,"ADM0_NAME":"Benin","SHAPE_LENG":2.8199459641,"SHAPE_AREA":0.36325051706}},{"type":"Polygon","arcs":[[5,6,7,8,9,10,-2,11]],"properties":{"ADM2_CODE":5862,"ADM2_NAME":"Gogounou","STR2_YEAR":1000,"EXP2_YEAR":3000,"ADM1_CODE":609,"ADM1_NAME":"Alibori","STATUS":"Member State","DISP_AREA":"NO","ADM0_CODE":29,"ADM0_NAME":"Benin","SHAPE_LENG":3.2652064773,"SHAPE_AREA":0.41385922913}},{"type":"Polygon","arcs":[[12,-12,-1,13,14]],"properties":{"ADM2_CODE":5863,"ADM2_NAME":"Kandi","STR2_YEAR":1000,"EXP2_YEAR":3000,"ADM1_CODE":609,"ADM1_NAME":"Alibori","STATUS":"Member State","DISP_AREA":"NO","ADM0_CODE":29,"ADM0_NAME":"Benin","SHAPE_LENG":2.74882674022,"SHAPE_AREA":0.28907310871}},{"type":"Polygon","arcs":[[15,-14,-5,16]],"properties":{"ADM2_CODE":5864,"ADM2_NAME":"Karimama","STR2_YEAR":1000,"EXP2_YEAR":3000,"ADM1_CODE":609,"ADM1_NAME":"Alibori","STATUS":"Member State","DISP_AREA":"NO","ADM0_CODE":29,"ADM0_NAME":"Benin","SHAPE_LENG":4.12529455383,"SHAPE_AREA":0.5044879926}},{"type":"Polygon","arcs":[[17,18,-15,-16]],"properties":{"ADM2_CODE":5865,"ADM2_NAME":"Malanville","STR2_YEAR":1000,"EXP2_YEAR":3000,"ADM1_CODE":609,"ADM1_NAME":"Alibori","STATUS":"Member State","DISP_AREA":"NO","ADM0_CODE":29,"ADM0_NAME":"Benin","SHAPE_LENG":2.3425290278,"SHAPE_AREA":0.27056087576}},{"type":"Polygon","arcs":[[19,-6,-13,-19,20]],"properties":{"ADM2_CODE":5866,"ADM2_NAME":"Segbana","STR2_YEAR":1000,"EXP2_YEAR":3000,"ADM1_CODE":609,"ADM1_NAME":"Alibori","STATUS":"Member State","DISP_AREA":"NO","ADM0_CODE":29,"ADM0_NAME":"Benin","SHAPE_LENG":2.93908243522,"SHAPE_AREA":0.38681403077}},{"type":"Polygon","arcs":[[21,22,23,24,25,26,27]],"properties":{"ADM2_CODE":5867,"ADM2_NAME":"Boukoumbe","STR2_YEAR":1000,"EXP2_YEAR":3000,"ADM1_CODE":610,"ADM1_NAME":"Atakora","STATUS":"Member State","DISP_AREA":"NO","ADM0_CODE":29,"ADM0_NAME":"Benin","SHAPE_LENG":1.53342404739,"SHAPE_AREA":0.08112664124}},{"type":"Polygon","arcs":[[-11,28,29,30,31,-3]],"properties":{"ADM2_CODE":5868,"ADM2_NAME":"Kerou","STR2_YEAR":1000,"EXP2_YEAR":3000,"ADM1_CODE":610,"ADM1_NAME":"Atakora","STATUS":"Member State","DISP_AREA":"NO","ADM0_CODE":29,"ADM0_NAME":"Benin","SHAPE_LENG":3.01145844177,"SHAPE_AREA":0.32116638589}},{"type":"Polygon","arcs":[[32,-26,33,34]],"properties":{"ADM2_CODE":5869,"ADM2_NAME":"Kobli","STR2_YEAR":1000,"EXP2_YEAR":3000,"ADM1_CODE":610,"ADM1_NAME":"Atakora","STATUS":"Member State","DISP_AREA":"NO","ADM0_CODE":29,"ADM0_NAME":"Benin","SHAPE_LENG":1.090331445,"SHAPE_AREA":0.06877072551}},{"type":"Polygon","arcs":[[35,36,37,-23,38,39,40,-30]],"properties":{"ADM2_CODE":5870,"ADM2_NAME":"Kouande","STR2_YEAR":1000,"EXP2_YEAR":3000,"ADM1_CODE":610,"ADM1_NAME":"Atakora","STATUS":"Member State","DISP_AREA":"NO","ADM0_CODE":29,"ADM0_NAME":"Benin","SHAPE_LENG":3.27052096395,"SHAPE_AREA":0.26832115394}},{"type":"Polygon","arcs":[[41,-35,42]],"properties":{"ADM2_CODE":5871,"ADM2_NAME":"Materi","STR2_YEAR":1000,"EXP2_YEAR":3000,"ADM1_CODE":610,"ADM1_NAME":"Atakora","STATUS":"Member State","DISP_AREA":"NO","ADM0_CODE":29,"ADM0_NAME":"Benin","SHAPE_LENG":1.71173161714,"SHAPE_AREA":0.14580114807}},{"type":"Polygon","arcs":[[-22,43,-39]],"properties":{"ADM2_CODE":5872,"ADM2_NAME":"Natitingou","STR2_YEAR":1000,"EXP2_YEAR":3000,"ADM1_CODE":610,"ADM1_NAME":"Atakora","STATUS":"Member State","DISP_AREA":"NO","ADM0_CODE":29,"ADM0_NAME":"Benin","SHAPE_LENG":1.70395625701,"SHAPE_AREA":0.11191946126}},{"type":"Polygon","arcs":[[44,45,-36,-29,-10]],"properties":{"ADM2_CODE":5873,"ADM2_NAME":"Pehonko","STR2_YEAR":1000,"EXP2_YEAR":3000,"ADM1_CODE":610,"ADM1_NAME":"Atakora","STATUS":"Member State","DISP_AREA":"NO","ADM0_CODE":29,"ADM0_NAME":"Benin","SHAPE_LENG":1.8491205217,"SHAPE_AREA":0.16611524894}},{"type":"Polygon","arcs":[[-31,-41,46,-27,-33,-42,47]],"properties":{"ADM2_CODE":5874,"ADM2_NAME":"Tanguieta","STR2_YEAR":1000,"EXP2_YEAR":3000,"ADM1_CODE":610,"ADM1_NAME":"Atakora","STATUS":"Member State","DISP_AREA":"NO","ADM0_CODE":29,"ADM0_NAME":"Benin","SHAPE_LENG":4.1550571976,"SHAPE_AREA":0.46070651823}},{"type":"Polygon","arcs":[[-44,-28,-47,-40]],"properties":{"ADM2_CODE":5875,"ADM2_NAME":"Toukountouna","STR2_YEAR":1000,"EXP2_YEAR":3000,"ADM1_CODE":610,"ADM1_NAME":"Atakora","STATUS":"Member State","DISP_AREA":"NO","ADM0_CODE":29,"ADM0_NAME":"Benin","SHAPE_LENG":1.39305969121,"SHAPE_AREA":0.08892047832}},{"type":"Polygon","arcs":[[48,49,50,51,52,53,54]],"properties":{"ADM2_CODE":5876,"ADM2_NAME":"Abomey-calavi","STR2_YEAR":1000,"EXP2_YEAR":3000,"ADM1_CODE":611,"ADM1_NAME":"Atlantique","STATUS":"Member State","DISP_AREA":"NO","ADM0_CODE":29,"ADM0_NAME":"Benin","SHAPE_LENG":0.97830350118,"SHAPE_AREA":0.04376622891}},{"type":"Polygon","arcs":[[55,56,57,58,59,60]],"properties":{"ADM2_CODE":5877,"ADM2_NAME":"Allada","STR2_YEAR":1000,"EXP2_YEAR":3000,"ADM1_CODE":611,"ADM1_NAME":"Atlantique","STATUS":"Member State","DISP_AREA":"NO","ADM0_CODE":29,"ADM0_NAME":"Benin","SHAPE_LENG":0.80658840269,"SHAPE_AREA":0.03128800782}},{"type":"Polygon","arcs":[[61,62,63,64,-58]],"properties":{"ADM2_CODE":5878,"ADM2_NAME":"Kpomasse","STR2_YEAR":1000,"EXP2_YEAR":3000,"ADM1_CODE":611,"ADM1_NAME":"Atlantique","STATUS":"Member State","DISP_AREA":"NO","ADM0_CODE":29,"ADM0_NAME":"Benin","SHAPE_LENG":0.72760298768,"SHAPE_AREA":0.02387235443}},{"type":"Polygon","arcs":[[-53,65,66,-63,67]],"properties":{"ADM2_CODE":5879,"ADM2_NAME":"Ouidah","STR2_YEAR":1000,"EXP2_YEAR":3000,"ADM1_CODE":611,"ADM1_NAME":"Atlantique","STATUS":"Member State","DISP_AREA":"NO","ADM0_CODE":29,"ADM0_NAME":"Benin","SHAPE_LENG":0.98018455131,"SHAPE_AREA":0.02913867105}},{"type":"Polygon","arcs":[[68,69,-50,70]],"properties":{"ADM2_CODE":5880,"ADM2_NAME":"So-ava","STR2_YEAR":1000,"EXP2_YEAR":3000,"ADM1_CODE":611,"ADM1_NAME":"Atlantique","STATUS":"Member State","DISP_AREA":"NO","ADM0_CODE":29,"ADM0_NAME":"Benin","SHAPE_LENG":0.61649470736,"SHAPE_AREA":0.01509598643}},{"type":"Polygon","arcs":[[71,-61,72,73]],"properties":{"ADM2_CODE":5881,"ADM2_NAME":"Toffo","STR2_YEAR":1000,"EXP2_YEAR":3000,"ADM1_CODE":611,"ADM1_NAME":"Atlantique","STATUS":"Member State","DISP_AREA":"NO","ADM0_CODE":29,"ADM0_NAME":"Benin","SHAPE_LENG":0.97094158495,"SHAPE_AREA":0.03982634892}},{"type":"Polygon","arcs":[[-54,-68,-62,-57,74]],"properties":{"ADM2_CODE":5882,"ADM2_NAME":"Tori-bossito","STR2_YEAR":1000,"EXP2_YEAR":3000,"ADM1_CODE":611,"ADM1_NAME":"Atlantique","STATUS":"Member State","DISP_AREA":"NO","ADM0_CODE":29,"ADM0_NAME":"Benin","SHAPE_LENG":0.67636320921,"SHAPE_AREA":0.02678816473}},{"type":"Polygon","arcs":[[75,76,77,-55,-75,-56,-72,78]],"properties":{"ADM2_CODE":5883,"ADM2_NAME":"Ze","STR2_YEAR":1000,"EXP2_YEAR":3000,"ADM1_CODE":611,"ADM1_NAME":"Atlantique","STATUS":"Member State","DISP_AREA":"NO","ADM0_CODE":29,"ADM0_NAME":"Benin","SHAPE_LENG":1.28072861342,"SHAPE_AREA":0.05133066414}},{"type":"Polygon","arcs":[[79,80,81,82,-8]],"properties":{"ADM2_CODE":5884,"ADM2_NAME":"Bembereke","STR2_YEAR":1000,"EXP2_YEAR":3000,"ADM1_CODE":612,"ADM1_NAME":"Borgou","STATUS":"Member State","DISP_AREA":"NO","ADM0_CODE":29,"ADM0_NAME":"Benin","SHAPE_LENG":2.53836281108,"SHAPE_AREA":0.27525792778}},{"type":"Polygon","arcs":[[83,-80,-7,-20,84]],"properties":{"ADM2_CODE":5885,"ADM2_NAME":"Kalale","STR2_YEAR":1000,"EXP2_YEAR":3000,"ADM1_CODE":612,"ADM1_NAME":"Borgou","STATUS":"Member State","DISP_AREA":"NO","ADM0_CODE":29,"ADM0_NAME":"Benin","SHAPE_LENG":2.88445827678,"SHAPE_AREA":0.31079596167}},{"type":"Polygon","arcs":[[-82,85,86,87,88,89,90,91]],"properties":{"ADM2_CODE":5886,"ADM2_NAME":"Ndali","STR2_YEAR":1000,"EXP2_YEAR":3000,"ADM1_CODE":612,"ADM1_NAME":"Borgou","STATUS":"Member State","DISP_AREA":"NO","ADM0_CODE":29,"ADM0_NAME":"Benin","SHAPE_LENG":2.52013817648,"SHAPE_AREA":0.30316754467}},{"type":"Polygon","arcs":[[92,93,-86,-81,-84]],"properties":{"ADM2_CODE":5887,"ADM2_NAME":"Nikki","STR2_YEAR":1000,"EXP2_YEAR":3000,"ADM1_CODE":612,"ADM1_NAME":"Borgou","STATUS":"Member State","DISP_AREA":"NO","ADM0_CODE":29,"ADM0_NAME":"Benin","SHAPE_LENG":2.85448538491,"SHAPE_AREA":0.26915672255}},{"type":"Polygon","arcs":[[94,-89]],"properties":{"ADM2_CODE":5888,"ADM2_NAME":"Parakou","STR2_YEAR":1000,"EXP2_YEAR":3000,"ADM1_CODE":612,"ADM1_NAME":"Borgou","STATUS":"Member State","DISP_AREA":"NO","ADM0_CODE":29,"ADM0_NAME":"Benin","SHAPE_LENG":0.89160451931,"SHAPE_AREA":0.03899590082}},{"type":"Polygon","arcs":[[95,96,-87,-94]],"properties":{"ADM2_CODE":5889,"ADM2_NAME":"Perere","STR2_YEAR":1000,"EXP2_YEAR":3000,"ADM1_CODE":612,"ADM1_NAME":"Borgou","STATUS":"Member State","DISP_AREA":"NO","ADM0_CODE":29,"ADM0_NAME":"Benin","SHAPE_LENG":1.69589570974,"SHAPE_AREA":0.16997666017}},{"type":"Polygon","arcs":[[-83,-92,97,-45,-9]],"properties":{"ADM2_CODE":5890,"ADM2_NAME":"Sinende","STR2_YEAR":1000,"EXP2_YEAR":3000,"ADM1_CODE":612,"ADM1_NAME":"Borgou","STATUS":"Member State","DISP_AREA":"NO","ADM0_CODE":29,"ADM0_NAME":"Benin","SHAPE_LENG":2.32349345409,"SHAPE_AREA":0.18563989474}},{"type":"Polygon","arcs":[[-95,-88,-97,98,99,100,101,-90]],"properties":{"ADM2_CODE":5891,"ADM2_NAME":"Tchaourou","STR2_YEAR":1000,"EXP2_YEAR":3000,"ADM1_CODE":612,"ADM1_NAME":"Borgou","STATUS":"Member State","DISP_AREA":"NO","ADM0_CODE":29,"ADM0_NAME":"Benin","SHAPE_LENG":4.71359746922,"SHAPE_AREA":0.55701552215}},{"type":"Polygon","arcs":[[102,103,104,105]],"properties":{"ADM2_CODE":5892,"ADM2_NAME":"Bante","STR2_YEAR":1000,"EXP2_YEAR":3000,"ADM1_CODE":613,"ADM1_NAME":"Collines","STATUS":"Member State","DISP_AREA":"NO","ADM0_CODE":29,"ADM0_NAME":"Benin","SHAPE_LENG":1.92118658058,"SHAPE_AREA":0.21768894659}},{"type":"Polygon","arcs":[[106,107,108,109,110,111]],"properties":{"ADM2_CODE":5893,"ADM2_NAME":"Dassa","STR2_YEAR":1000,"EXP2_YEAR":3000,"ADM1_CODE":613,"ADM1_NAME":"Collines","STATUS":"Member State","DISP_AREA":"NO","ADM0_CODE":29,"ADM0_NAME":"Benin","SHAPE_LENG":1.64126578185,"SHAPE_AREA":0.13873428512}},{"type":"Polygon","arcs":[[112,-112,113,-103,114,115]],"properties":{"ADM2_CODE":5894,"ADM2_NAME":"Glazoue","STR2_YEAR":1000,"EXP2_YEAR":3000,"ADM1_CODE":613,"ADM1_NAME":"Collines","STATUS":"Member State","DISP_AREA":"NO","ADM0_CODE":29,"ADM0_NAME":"Benin","SHAPE_LENG":1.75513898139,"SHAPE_AREA":0.14445102916}},{"type":"Polygon","arcs":[[116,-116,117,-100,118]],"properties":{"ADM2_CODE":5895,"ADM2_NAME":"Ouesse","STR2_YEAR":1000,"EXP2_YEAR":3000,"ADM1_CODE":613,"ADM1_NAME":"Collines","STATUS":"Member State","DISP_AREA":"NO","ADM0_CODE":29,"ADM0_NAME":"Benin","SHAPE_LENG":2.26441888061,"SHAPE_AREA":0.24442115653}},{"type":"Polygon","arcs":[[-114,-111,119,120,-104]],"properties":{"ADM2_CODE":5896,"ADM2_NAME":"Savalou","STR2_YEAR":1000,"EXP2_YEAR":3000,"ADM1_CODE":613,"ADM1_NAME":"Collines","STATUS":"Member State","DISP_AREA":"NO","ADM0_CODE":29,"ADM0_NAME":"Benin","SHAPE_LENG":2.34341651484,"SHAPE_AREA":0.21838461722}},{"type":"Polygon","arcs":[[121,122,-107,-113,-117]],"properties":{"ADM2_CODE":5897,"ADM2_NAME":"Save","STR2_YEAR":1000,"EXP2_YEAR":3000,"ADM1_CODE":613,"ADM1_NAME":"Collines","STATUS":"Member State","DISP_AREA":"NO","ADM0_CODE":29,"ADM0_NAME":"Benin","SHAPE_LENG":1.98084863163,"SHAPE_AREA":0.18610698866}},{"type":"Polygon","arcs":[[123,124,125,126]],"properties":{"ADM2_CODE":5898,"ADM2_NAME":"Aplahoue","STR2_YEAR":1000,"EXP2_YEAR":3000,"ADM1_CODE":614,"ADM1_NAME":"Couffo","STATUS":"Member State","DISP_AREA":"NO","ADM0_CODE":29,"ADM0_NAME":"Benin","SHAPE_LENG":1.54744123594,"SHAPE_AREA":0.07443160076}},{"type":"Polygon","arcs":[[127,128,129,-125,130]],"properties":{"ADM2_CODE":5899,"ADM2_NAME":"Djakotome","STR2_YEAR":1000,"EXP2_YEAR":3000,"ADM1_CODE":614,"ADM1_NAME":"Couffo","STATUS":"Member State","DISP_AREA":"NO","ADM0_CODE":29,"ADM0_NAME":"Benin","SHAPE_LENG":0.6636004769,"SHAPE_AREA":0.01852579525}},{"type":"Polygon","arcs":[[131,132,133,134,-129,135]],"properties":{"ADM2_CODE":5900,"ADM2_NAME":"Dogbo-tota","STR2_YEAR":1000,"EXP2_YEAR":3000,"ADM1_CODE":614,"ADM1_NAME":"Couffo","STATUS":"Member State","DISP_AREA":"NO","ADM0_CODE":29,"ADM0_NAME":"Benin","SHAPE_LENG":0.84033194895,"SHAPE_AREA":0.02446969761}},{"type":"Polygon","arcs":[[136,137,138,-131,-124,139]],"properties":{"ADM2_CODE":5901,"ADM2_NAME":"Klouekanme","STR2_YEAR":1000,"EXP2_YEAR":3000,"ADM1_CODE":614,"ADM1_NAME":"Couffo","STATUS":"Member State","DISP_AREA":"NO","ADM0_CODE":29,"ADM0_NAME":"Benin","SHAPE_LENG":0.76457497216,"SHAPE_AREA":0.03123336798}},{"type":"Polygon","arcs":[[140,-73,-60,141,-132,142,-138,143]],"properties":{"ADM2_CODE":5902,"ADM2_NAME":"Lalo","STR2_YEAR":1000,"EXP2_YEAR":3000,"ADM1_CODE":614,"ADM1_NAME":"Couffo","STATUS":"Member State","DISP_AREA":"NO","ADM0_CODE":29,"ADM0_NAME":"Benin","SHAPE_LENG":0.93707024866,"SHAPE_AREA":0.03724068107}},{"type":"Polygon","arcs":[[-143,-136,-128,-139]],"properties":{"ADM2_CODE":5903,"ADM2_NAME":"Toviklin","STR2_YEAR":1000,"EXP2_YEAR":3000,"ADM1_CODE":614,"ADM1_NAME":"Couffo","STATUS":"Member State","DISP_AREA":"NO","ADM0_CODE":29,"ADM0_NAME":"Benin","SHAPE_LENG":0.43289500195,"SHAPE_AREA":0.01057594526}},{"type":"Polygon","arcs":[[144,-101,-118,-115,-106,145,146]],"properties":{"ADM2_CODE":5904,"ADM2_NAME":"Bassila","STR2_YEAR":1000,"EXP2_YEAR":3000,"ADM1_CODE":615,"ADM1_NAME":"Donga","STATUS":"Member State","DISP_AREA":"NO","ADM0_CODE":29,"ADM0_NAME":"Benin","SHAPE_LENG":3.50497083859,"SHAPE_AREA":0.46300508929}},{"type":"Polygon","arcs":[[-98,-91,-102,-145,147,148,-37,-46]],"properties":{"ADM2_CODE":5905,"ADM2_NAME":"Djougou","STR2_YEAR":1000,"EXP2_YEAR":3000,"ADM1_CODE":615,"ADM1_NAME":"Donga","STATUS":"Member State","DISP_AREA":"NO","ADM0_CODE":29,"ADM0_NAME":"Benin","SHAPE_LENG":2.72903731336,"SHAPE_AREA":0.32317245499}},{"type":"Polygon","arcs":[[149,150,-24,-38,-149]],"properties":{"ADM2_CODE":5906,"ADM2_NAME":"Kopargo","STR2_YEAR":1000,"EXP2_YEAR":3000,"ADM1_CODE":615,"ADM1_NAME":"Donga","STATUS":"Member State","DISP_AREA":"NO","ADM0_CODE":29,"ADM0_NAME":"Benin","SHAPE_LENG":1.34306639997,"SHAPE_AREA":0.07270177414}},{"type":"Polygon","arcs":[[-148,-147,151,-150]],"properties":{"ADM2_CODE":5907,"ADM2_NAME":"Ouake","STR2_YEAR":1000,"EXP2_YEAR":3000,"ADM1_CODE":615,"ADM1_NAME":"Donga","STATUS":"Member State","DISP_AREA":"NO","ADM0_CODE":29,"ADM0_NAME":"Benin","SHAPE_LENG":1.14822878061,"SHAPE_AREA":0.05351120558}},{"type":"Polygon","arcs":[[152,153,-51,-70]],"properties":{"ADM2_CODE":5908,"ADM2_NAME":"Cotonou","STR2_YEAR":1000,"EXP2_YEAR":3000,"ADM1_CODE":616,"ADM1_NAME":"Littoral","STATUS":"Member State","DISP_AREA":"NO","ADM0_CODE":29,"ADM0_NAME":"Benin","SHAPE_LENG":0.38357623207,"SHAPE_AREA":0.00659038904}},{"type":"Polygon","arcs":[[154,155,156,157]],"properties":{"ADM2_CODE":5909,"ADM2_NAME":"Athieme","STR2_YEAR":1000,"EXP2_YEAR":3000,"ADM1_CODE":617,"ADM1_NAME":"Mono","STATUS":"Member State","DISP_AREA":"NO","ADM0_CODE":29,"ADM0_NAME":"Benin","SHAPE_LENG":0.78389335799,"SHAPE_AREA":0.01770663822}},{"type":"Polygon","arcs":[[-142,-59,-65,158,159,160,-133]],"properties":{"ADM2_CODE":5910,"ADM2_NAME":"Bopa","STR2_YEAR":1000,"EXP2_YEAR":3000,"ADM1_CODE":617,"ADM1_NAME":"Mono","STATUS":"Member State","DISP_AREA":"NO","ADM0_CODE":29,"ADM0_NAME":"Benin","SHAPE_LENG":0.81643008806,"SHAPE_AREA":0.03051685903}},{"type":"Polygon","arcs":[[-159,-64,161,162]],"properties":{"ADM2_CODE":5911,"ADM2_NAME":"Come","STR2_YEAR":1000,"EXP2_YEAR":3000,"ADM1_CODE":617,"ADM1_NAME":"Mono","STATUS":"Member State","DISP_AREA":"NO","ADM0_CODE":29,"ADM0_NAME":"Benin","SHAPE_LENG":0.54218630009,"SHAPE_AREA":0.01408556719}},{"type":"Polygon","arcs":[[-162,-67,163,-156,164]],"properties":{"ADM2_CODE":5912,"ADM2_NAME":"Grand-popo","STR2_YEAR":1000,"EXP2_YEAR":3000,"ADM1_CODE":617,"ADM1_NAME":"Mono","STATUS":"Member State","DISP_AREA":"NO","ADM0_CODE":29,"ADM0_NAME":"Benin","SHAPE_LENG":1.15181014918,"SHAPE_AREA":0.02354115029}},{"type":"Polygon","arcs":[[-163,-165,-155,165,-160]],"properties":{"ADM2_CODE":5913,"ADM2_NAME":"Houeyogbe","STR2_YEAR":1000,"EXP2_YEAR":3000,"ADM1_CODE":617,"ADM1_NAME":"Mono","STATUS":"Member State","DISP_AREA":"NO","ADM0_CODE":29,"ADM0_NAME":"Benin","SHAPE_LENG":0.66650213498,"SHAPE_AREA":0.02487983788}},{"type":"Polygon","arcs":[[-161,-166,-158,166,-134]],"properties":{"ADM2_CODE":5914,"ADM2_NAME":"Lokossa","STR2_YEAR":1000,"EXP2_YEAR":3000,"ADM1_CODE":617,"ADM1_NAME":"Mono","STATUS":"Member State","DISP_AREA":"NO","ADM0_CODE":29,"ADM0_NAME":"Benin","SHAPE_LENG":0.82885124113,"SHAPE_AREA":0.02210777827}},{"type":"Polygon","arcs":[[167,168,169,170,171]],"properties":{"ADM2_CODE":5915,"ADM2_NAME":"Adjara","STR2_YEAR":1000,"EXP2_YEAR":3000,"ADM1_CODE":618,"ADM1_NAME":"Oueme","STATUS":"Member State","DISP_AREA":"NO","ADM0_CODE":29,"ADM0_NAME":"Benin","SHAPE_LENG":0.33345862448,"SHAPE_AREA":0.00590774445}},{"type":"Polygon","arcs":[[172,173,174,-49,-78,175]],"properties":{"ADM2_CODE":5916,"ADM2_NAME":"Adjohoun","STR2_YEAR":1000,"EXP2_YEAR":3000,"ADM1_CODE":618,"ADM1_NAME":"Oueme","STATUS":"Member State","DISP_AREA":"NO","ADM0_CODE":29,"ADM0_NAME":"Benin","SHAPE_LENG":0.6604171439,"SHAPE_AREA":0.02627857301}},{"type":"Polygon","arcs":[[176,177,178,-69,179]],"properties":{"ADM2_CODE":5917,"ADM2_NAME":"Aguegue","STR2_YEAR":1000,"EXP2_YEAR":3000,"ADM1_CODE":618,"ADM1_NAME":"Oueme","STATUS":"Member State","DISP_AREA":"NO","ADM0_CODE":29,"ADM0_NAME":"Benin","SHAPE_LENG":0.45738237073,"SHAPE_AREA":0.01047945957}},{"type":"Polygon","arcs":[[180,181,-177,182,-174,183]],"properties":{"ADM2_CODE":5918,"ADM2_NAME":"Akpro-misserete","STR2_YEAR":1000,"EXP2_YEAR":3000,"ADM1_CODE":618,"ADM1_NAME":"Oueme","STATUS":"Member State","DISP_AREA":"NO","ADM0_CODE":29,"ADM0_NAME":"Benin","SHAPE_LENG":0.39354210301,"SHAPE_AREA":0.00656172295}},{"type":"Polygon","arcs":[[184,-172,185,-181,186]],"properties":{"ADM2_CODE":5919,"ADM2_NAME":"Avrankou","STR2_YEAR":1000,"EXP2_YEAR":3000,"ADM1_CODE":618,"ADM1_NAME":"Oueme","STATUS":"Member State","DISP_AREA":"NO","ADM0_CODE":29,"ADM0_NAME":"Benin","SHAPE_LENG":0.37153958955,"SHAPE_AREA":0.00629446519}},{"type":"Polygon","arcs":[[187,188,-176,-77,189]],"properties":{"ADM2_CODE":5920,"ADM2_NAME":"Bonou","STR2_YEAR":1000,"EXP2_YEAR":3000,"ADM1_CODE":618,"ADM1_NAME":"Oueme","STATUS":"Member State","DISP_AREA":"NO","ADM0_CODE":29,"ADM0_NAME":"Benin","SHAPE_LENG":0.66446695735,"SHAPE_AREA":0.02063177431}},{"type":"Polygon","arcs":[[-180,-71,-175,-183]],"properties":{"ADM2_CODE":5921,"ADM2_NAME":"Dangbo","STR2_YEAR":1000,"EXP2_YEAR":3000,"ADM1_CODE":618,"ADM1_NAME":"Oueme","STATUS":"Member State","DISP_AREA":"NO","ADM0_CODE":29,"ADM0_NAME":"Benin","SHAPE_LENG":0.51232425122,"SHAPE_AREA":0.0128612935}},{"type":"Polygon","arcs":[[-171,190,-178,-182,-186]],"properties":{"ADM2_CODE":5922,"ADM2_NAME":"Porto-novo","STR2_YEAR":1000,"EXP2_YEAR":3000,"ADM1_CODE":618,"ADM1_NAME":"Oueme","STATUS":"Member State","DISP_AREA":"NO","ADM0_CODE":29,"ADM0_NAME":"Benin","SHAPE_LENG":0.27064793373,"SHAPE_AREA":0.00406453443}},{"type":"Polygon","arcs":[[-170,191,-153,-179,-191]],"properties":{"ADM2_CODE":5923,"ADM2_NAME":"Seme-kpodji","STR2_YEAR":1000,"EXP2_YEAR":3000,"ADM1_CODE":618,"ADM1_NAME":"Oueme","STATUS":"Member State","DISP_AREA":"NO","ADM0_CODE":29,"ADM0_NAME":"Benin","SHAPE_LENG":0.64844752853,"SHAPE_AREA":0.01832719755}},{"type":"Polygon","arcs":[[192,193,194,-188,195,196,197]],"properties":{"ADM2_CODE":5924,"ADM2_NAME":"Adja-ouere","STR2_YEAR":1000,"EXP2_YEAR":3000,"ADM1_CODE":619,"ADM1_NAME":"Plateau","STATUS":"Member State","DISP_AREA":"NO","ADM0_CODE":29,"ADM0_NAME":"Benin","SHAPE_LENG":1.08698127499,"SHAPE_AREA":0.03702157611}},{"type":"Polygon","arcs":[[-168,-185,198,199]],"properties":{"ADM2_CODE":5925,"ADM2_NAME":"Ifangni","STR2_YEAR":1000,"EXP2_YEAR":3000,"ADM1_CODE":619,"ADM1_NAME":"Plateau","STATUS":"Member State","DISP_AREA":"NO","ADM0_CODE":29,"ADM0_NAME":"Benin","SHAPE_LENG":0.64454323583,"SHAPE_AREA":0.01770184905}},{"type":"Polygon","arcs":[[200,-198,201,-108,-123,202]],"properties":{"ADM2_CODE":5926,"ADM2_NAME":"Ketou","STR2_YEAR":1000,"EXP2_YEAR":3000,"ADM1_CODE":619,"ADM1_NAME":"Plateau","STATUS":"Member State","DISP_AREA":"NO","ADM0_CODE":29,"ADM0_NAME":"Benin","SHAPE_LENG":1.63509693053,"SHAPE_AREA":0.14718958815}},{"type":"Polygon","arcs":[[203,-193,-201]],"properties":{"ADM2_CODE":5927,"ADM2_NAME":"Pobe","STR2_YEAR":1000,"EXP2_YEAR":3000,"ADM1_CODE":619,"ADM1_NAME":"Plateau","STATUS":"Member State","DISP_AREA":"NO","ADM0_CODE":29,"ADM0_NAME":"Benin","SHAPE_LENG":0.85480590994,"SHAPE_AREA":0.03492917633}},{"type":"Polygon","arcs":[[-199,-187,-184,-173,-189,-195,204]],"properties":{"ADM2_CODE":5928,"ADM2_NAME":"Sakete","STR2_YEAR":1000,"EXP2_YEAR":3000,"ADM1_CODE":619,"ADM1_NAME":"Plateau","STATUS":"Member State","DISP_AREA":"NO","ADM0_CODE":29,"ADM0_NAME":"Benin","SHAPE_LENG":0.98232678745,"SHAPE_AREA":0.03476650184}},{"type":"Polygon","arcs":[[205,206,207]],"properties":{"ADM2_CODE":5929,"ADM2_NAME":"Abomey","STR2_YEAR":1000,"EXP2_YEAR":3000,"ADM1_CODE":620,"ADM1_NAME":"Zou","STATUS":"Member State","DISP_AREA":"NO","ADM0_CODE":29,"ADM0_NAME":"Benin","SHAPE_LENG":0.49935409739,"SHAPE_AREA":0.01230948288}},{"type":"Polygon","arcs":[[208,209,-144,-137,210,-207]],"properties":{"ADM2_CODE":5930,"ADM2_NAME":"Agbangnizoun","STR2_YEAR":1000,"EXP2_YEAR":3000,"ADM1_CODE":620,"ADM1_NAME":"Zou","STATUS":"Member State","DISP_AREA":"NO","ADM0_CODE":29,"ADM0_NAME":"Benin","SHAPE_LENG":0.62306330893,"SHAPE_AREA":0.01859371647}},{"type":"Polygon","arcs":[[211,-209,-206,212,213]],"properties":{"ADM2_CODE":5931,"ADM2_NAME":"Bohicon","STR2_YEAR":1000,"EXP2_YEAR":3000,"ADM1_CODE":620,"ADM1_NAME":"Zou","STATUS":"Member State","DISP_AREA":"NO","ADM0_CODE":29,"ADM0_NAME":"Benin","SHAPE_LENG":0.57171134322,"SHAPE_AREA":0.01319000691}},{"type":"Polygon","arcs":[[214,215,216,217,-110]],"properties":{"ADM2_CODE":5932,"ADM2_NAME":"Cove","STR2_YEAR":1000,"EXP2_YEAR":3000,"ADM1_CODE":620,"ADM1_NAME":"Zou","STATUS":"Member State","DISP_AREA":"NO","ADM0_CODE":29,"ADM0_NAME":"Benin","SHAPE_LENG":1.21376245365,"SHAPE_AREA":0.0356170009}},{"type":"Polygon","arcs":[[-218,218,-213,-208,-211,-140,-127,219,-120]],"properties":{"ADM2_CODE":5933,"ADM2_NAME":"Djidja","STR2_YEAR":1000,"EXP2_YEAR":3000,"ADM1_CODE":620,"ADM1_NAME":"Zou","STATUS":"Member State","DISP_AREA":"NO","ADM0_CODE":29,"ADM0_NAME":"Benin","SHAPE_LENG":2.03716205343,"SHAPE_AREA":0.17920695186}},{"type":"Polygon","arcs":[[-196,-190,-76,220,221]],"properties":{"ADM2_CODE":5934,"ADM2_NAME":"Ouinhi","STR2_YEAR":1000,"EXP2_YEAR":3000,"ADM1_CODE":620,"ADM1_NAME":"Zou","STATUS":"Member State","DISP_AREA":"NO","ADM0_CODE":29,"ADM0_NAME":"Benin","SHAPE_LENG":0.75780411555,"SHAPE_AREA":0.02824159478}},{"type":"Polygon","arcs":[[-217,222,-214,-219]],"properties":{"ADM2_CODE":5935,"ADM2_NAME":"Za-kpota","STR2_YEAR":1000,"EXP2_YEAR":3000,"ADM1_CODE":620,"ADM1_NAME":"Zou","STATUS":"Member State","DISP_AREA":"NO","ADM0_CODE":29,"ADM0_NAME":"Benin","SHAPE_LENG":0.78381828533,"SHAPE_AREA":0.03181737242}},{"type":"Polygon","arcs":[[-202,-197,-222,223,-215,-109]],"properties":{"ADM2_CODE":5936,"ADM2_NAME":"Zangnanado","STR2_YEAR":1000,"EXP2_YEAR":3000,"ADM1_CODE":620,"ADM1_NAME":"Zou","STATUS":"Member State","DISP_AREA":"NO","ADM0_CODE":29,"ADM0_NAME":"Benin","SHAPE_LENG":1.44452877132,"SHAPE_AREA":0.04572792084}},{"type":"Polygon","arcs":[[-223,-216,-224,-221,-79,-74,-141,-210,-212]],"properties":{"ADM2_CODE":5937,"ADM2_NAME":"Zogbodome","STR2_YEAR":1000,"EXP2_YEAR":3000,"ADM1_CODE":620,"ADM1_NAME":"Zou","STATUS":"Member State","DISP_AREA":"NO","ADM0_CODE":29,"ADM0_NAME":"Benin","SHAPE_LENG":1.1504439854,"SHAPE_AREA":0.06807253046}}],"bbox":[0.7745700000000001,6.225751024000147,3.8491266808837854,12.403496621818931]}},"arcs":[[[2821,6599],[25,-46],[34,-15],[28,-87],[-132,-21],[-11,-35],[-69,24],[-106,-15],[-28,-26],[7,-49],[-28,-43]],[[2541,6286],[-8,-27],[-60,-2],[-42,-18],[-20,-50],[16,-54],[-27,-31],[-36,26],[-54,-51],[-81,2],[-56,-39],[-43,-53]],[[2130,5989],[-61,41],[-63,11],[-56,26],[-251,529]],[[1699,6596],[226,215],[46,16],[53,48],[71,42]],[[2095,6917],[43,-30],[58,33],[57,-25],[98,15],[74,-40],[31,-42],[34,-6],[40,29],[11,-54],[-4,-87],[124,-63],[6,-43],[60,-24],[94,19]],[[3301,5933],[-16,-26],[2,-58],[-18,-9],[38,-54],[-2,-78],[29,-52],[-72,-76],[-17,-69],[-63,-44]],[[3182,5467],[-3,0]],[[3179,5467],[-338,-2],[-59,58],[-152,-23],[-18,-43],[-196,0]],[[2416,5457],[-83,41],[-90,4],[0,-42],[-241,-4]],[[2002,5456],[-2,20]],[[2000,5476],[1,402],[22,40],[64,32],[43,39]],[[2541,6286],[-1,-57],[-29,-20],[24,-59],[28,-27],[41,-120],[74,-69],[113,39],[50,67],[187,4],[0,-48],[178,-45],[95,-18]],[[3390,6432],[-5,-87],[15,-43],[-43,-27],[-14,-77],[2,-96],[27,-51],[-17,-99],[-54,-19]],[[2821,6599],[23,36],[12,86],[-16,44],[14,85],[67,31]],[[2921,6881],[63,-42],[209,-178],[112,-149],[85,-80]],[[3452,7215],[-84,-22],[-93,31],[-24,24],[-44,-1],[-11,33],[-58,15],[-66,-25],[-16,-79],[9,-52],[-38,-117],[-44,-49],[-28,-75],[-34,-17]],[[2095,6917],[-14,50],[56,82],[44,10],[9,77],[29,17],[6,41],[-4,61],[87,41],[-60,121],[-41,47],[7,45],[-20,25],[14,32],[-21,27],[7,47],[112,2],[13,26],[43,-9],[24,36],[28,-27],[50,6],[18,27],[98,9],[41,-29],[38,87],[53,-1],[34,43],[77,23],[56,-33],[108,-114],[41,-14],[121,-127],[63,-28],[-1,-18],[65,-42],[88,-94],[42,-27],[-18,-17],[36,-80],[28,-24]],[[3452,7215],[24,-44],[85,6],[78,-12],[62,-25],[47,-54],[3,-34],[49,-11],[-13,-56],[76,-48],[-64,-82],[-119,-233],[43,-57]],[[3723,6565],[-158,-13],[-36,-28],[-17,-41],[-37,12],[-57,-21],[-28,-42]],[[4196,5607],[-480,-45],[-434,-93],[-100,-2]],[[3723,6565],[258,-349],[49,-13],[-10,-38],[-4,-81],[47,-17],[27,-101],[-30,-119],[5,-27],[60,-102],[60,-39],[11,-72]],[[587,5300],[-1,-47],[38,-32],[-2,-32],[-41,-37],[-2,-57],[27,-46],[71,-25],[52,-69],[-29,-24],[20,-43],[94,-21],[10,-60]],[[824,4807],[2,-21]],[[826,4786],[-34,0]],[[792,4786],[-248,136],[-116,65],[-123,79],[-121,82]],[[184,5148],[73,53],[61,122],[101,14]],[[419,5337],[103,-29],[60,36]],[[582,5344],[5,-44]],[[2000,5476],[-158,-19],[-55,-25],[-102,19]],[[1685,5451],[-57,30],[-137,-61],[-44,46],[29,70],[91,30],[25,85],[27,24],[1,41],[27,58],[-10,16],[-50,-21],[-176,120],[-27,-32],[-52,-9],[-35,39],[-47,8],[-43,34]],[[1207,5929],[35,49],[58,116],[23,5],[16,83],[-21,3],[22,90],[99,34],[0,55],[57,34],[40,118],[72,72]],[[1608,6588],[91,8]],[[364,5467],[48,-64],[7,-66]],[[184,5148],[-184,125],[12,162],[31,83],[0,84]],[[43,5602],[95,14],[74,-54],[25,-39],[69,-27],[34,-41],[24,12]],[[1685,5451],[-28,-40],[-52,-11],[-39,-31],[-35,-70],[0,-35],[-54,-59],[-52,-223],[-8,-69],[-59,-77]],[[1358,4836],[-30,-4]],[[1328,4832],[-126,-122],[-152,0],[-54,42],[-141,17],[-29,17]],[[824,4807],[63,30],[65,-17],[44,18],[70,56],[27,57],[-44,49],[7,150],[35,86],[73,56],[-25,53]],[[1139,5345],[45,4],[10,46],[-40,130],[24,115],[-114,80]],[[1064,5720],[31,88],[-21,21],[38,53],[61,8],[34,39]],[[458,6092],[14,-88],[-18,-42],[112,-91],[48,-20],[54,-94],[-9,-45],[-32,-46],[-48,1],[-35,-30],[12,-25],[-26,-65],[-54,2],[-112,-82]],[[43,5602],[-12,52],[10,50],[94,102],[16,72],[22,32],[-15,43],[30,96],[13,27],[66,51],[2,31],[51,4],[28,-42],[48,8],[62,-36]],[[587,5300],[139,-16],[136,8],[25,30],[31,-76],[45,-8],[29,19],[13,68],[134,20]],[[2002,5456],[-88,-91],[-28,-50],[0,-79],[65,-45],[41,-52],[17,-115],[21,-47],[-36,-71],[-99,-25],[-74,-7],[-54,-44]],[[1767,4830],[-66,-17],[-63,22],[-280,1]],[[1064,5720],[-482,-376]],[[458,6092],[-32,75],[14,73],[29,31],[44,5],[4,66],[-33,37],[135,3],[28,-17],[38,23],[-33,55],[18,18],[34,-36],[47,-4],[22,27],[-31,61],[53,39],[43,12],[-6,54],[43,12],[37,26],[45,-23],[35,16],[41,-24],[26,29],[39,-34],[14,-51],[42,-17],[109,23],[19,27],[35,-16],[86,24],[96,13],[109,-31]],[[2233,583],[6,-66]],[[2239,517],[-26,-84],[6,-89],[-25,-39],[-22,-77]],[[2172,228],[-11,-84]],[[2161,144],[-117,-10]],[[2044,134],[-6,35],[-41,8],[-40,50],[14,65]],[[1971,292],[47,119]],[[2018,411],[72,36],[38,78],[-3,57],[31,19],[77,-18]],[[1983,700],[-27,-57],[15,-88],[40,-33],[-17,-26],[-60,6]],[[1934,502],[-141,-14],[-61,-35],[-36,4]],[[1696,457],[-42,52]],[[1654,509],[15,58],[50,32],[-1,32]],[[1718,631],[0,11]],[[1718,642],[57,-3],[77,35],[35,32],[96,-6]],[[1696,457],[87,-130]],[[1783,327],[8,-32],[-43,-47],[22,-61],[-39,-39],[-112,3]],[[1619,151],[-26,55],[3,36],[42,90]],[[1638,332],[13,21],[-7,100],[10,56]],[[2044,134],[-201,-22],[-223,-36]],[[1620,76],[24,40],[-25,35]],[[1783,327],[60,-24],[40,5],[33,-42],[55,26]],[[2356,370],[-18,-70],[-57,-82]],[[2281,218],[-109,10]],[[2239,517],[27,-107],[90,-40]],[[2132,893],[-8,-22],[-48,-17],[31,-44],[-61,-62],[-20,5],[-43,-53]],[[1718,642],[-1,55],[26,17],[23,100],[42,33],[-21,48]],[[1787,895],[231,6],[88,34],[26,-42]],[[1934,502],[53,-45],[31,-46]],[[2220,951],[12,-26]],[[2232,925],[-29,-28],[24,-24],[11,-70],[30,-44],[-24,-35]],[[2244,724],[24,-64],[-35,-77]],[[2132,893],[88,58]],[[3179,5467],[-6,-86],[-25,-39],[-37,-1],[-70,-28],[-25,-59],[96,-86],[-50,-80]],[[3062,5088],[-31,-21],[-96,-101],[-157,-24],[1,-107],[56,-13],[-16,-42],[18,-46],[-15,-29],[-107,-26]],[[2715,4679],[-49,-18],[-61,3],[-114,54],[-103,39]],[[2388,4757],[51,40],[-63,98],[-72,31],[31,50],[-23,54],[-2,53],[24,19],[17,60],[36,54],[15,63],[-7,47],[21,131]],[[3879,4884],[-48,28],[-50,3],[-125,57],[-104,14],[-57,-65],[-115,21],[-40,-16],[-93,-11],[-73,-36],[-69,9],[-20,34],[15,59],[-11,59],[-27,48]],[[4196,5607],[-1,-75],[-23,-25],[-42,-106],[-20,-101],[-134,64],[-57,-27],[-85,-199],[19,-46],[66,-66],[45,-25],[-22,-80],[-49,-20],[-14,-17]],[[2715,4679],[40,-54],[-30,-118]],[[2725,4507],[-20,-80],[6,-62],[66,-172]],[[2777,4193],[-40,-80],[-16,-56],[-24,-1]],[[2697,4056],[-102,-57],[-77,69],[-86,18]],[[2432,4086],[-78,27],[-35,25],[-89,23],[-156,29],[-20,47],[-25,7],[-51,76],[-47,14],[13,30],[-54,23]],[[1890,4387],[17,26],[-45,16],[-27,-17],[-28,18],[-18,85],[-47,79],[55,59],[-12,77]],[[1785,4730],[57,33],[106,-28],[14,12],[112,-6],[127,-51],[27,78],[121,2],[39,-13]],[[3879,4884],[-7,-104],[-22,-63],[-43,-38],[-2,-26],[-45,-42],[-100,-2],[-136,-44],[-37,-35],[-1,-67],[27,-77],[-46,-34],[-59,1],[-21,-24]],[[3387,4329],[-125,34],[-52,44],[-17,97],[-39,22],[-90,16],[-66,45],[-57,2],[-52,-29],[-78,-11],[-86,-42]],[[2697,4056],[-18,-39],[7,-122],[-10,-33],[-71,13],[-72,-26],[-17,-20],[-59,4],[-113,74],[-39,51],[5,50],[38,33],[84,45]],[[3387,4329],[-4,-38],[-80,-120],[-55,-28],[-25,-39],[-4,-46],[25,-64],[0,-46]],[[3244,3948],[-294,3],[-33,37],[-73,25],[-67,180]],[[1785,4730],[-17,20],[17,77],[-18,3]],[[3244,3948],[9,-61],[-49,-67],[2,-59],[-55,-119],[-103,-31],[-70,24],[-83,-11],[-23,-24],[-134,0],[-4,-89],[15,-31],[-40,-74],[19,-22],[-21,-38],[7,-70],[-47,-47]],[[2667,3229],[-742,-10]],[[1925,3219],[57,132],[-25,29],[-29,75],[51,47],[-17,21],[11,62],[-51,25],[-101,-8],[-50,9],[-115,67],[-26,26],[14,39],[-21,104],[12,119]],[[1635,3966],[105,1],[72,20],[33,160],[45,240]],[[1841,2856],[-21,-142],[-15,-46],[-12,-142],[42,-116]],[[1835,2410],[-80,-56],[-113,-18],[-222,4],[-31,66],[-48,0],[-53,61],[-60,10],[-5,34],[-50,3]],[[1173,2514],[-3,168],[-14,32],[12,106],[27,35],[-26,52],[-1,95]],[[1168,3002],[141,15],[39,28],[75,-7],[36,-37],[93,-52],[47,4],[64,-59],[136,-11],[42,-27]],[[2183,2141],[28,-118],[79,-57],[10,-64],[37,-51]],[[2337,1851],[-34,-96],[5,-65],[-61,-89],[-21,-58]],[[2226,1543],[-75,31],[-107,67]],[[2044,1641],[-189,52]],[[1855,1693],[-71,98],[-48,43],[-5,31],[16,108],[31,101],[53,47],[4,59]],[[1835,2180],[40,-9],[40,-80],[45,-57],[51,20],[67,65],[105,22]],[[2173,2430],[-37,-17],[-1,-30],[46,-62],[-20,-42],[14,-37],[8,-101]],[[1835,2180],[-19,86],[31,110],[-12,34]],[[1841,2856],[53,28],[83,12]],[[1977,2896],[132,-73],[29,-34],[-18,-182],[3,-41],[53,-97],[-3,-39]],[[2622,2661],[-107,8],[-162,-38],[-2,-182],[-49,-28],[-66,-9],[-63,18]],[[1977,2896],[-19,61],[21,112],[-29,57],[1,57],[-26,36]],[[2667,3229],[29,-91],[-15,-63],[14,-13],[5,-86],[12,-64],[-7,-50],[-30,-59],[-38,-20],[10,-42],[-25,-80]],[[1855,1693],[-118,-3],[-83,28],[-64,77],[-106,17],[-168,-17],[-147,25]],[[1169,1820],[7,180],[-8,30],[4,133],[4,72],[-3,279]],[[2622,2661],[26,-81],[52,-64],[-6,-57],[-25,-47],[-33,-187],[-14,-63],[-37,-52],[37,-44],[50,-105],[-4,-105]],[[2668,1856],[-331,-5]],[[1443,1234],[-55,-97],[-63,-66],[-19,-133]],[[1306,938],[-36,-53],[-49,-7],[-33,-38],[-52,-6]],[[1136,834],[-26,37],[-39,75],[-2,33],[115,-4],[-5,180],[-4,335],[11,107],[44,12]],[[1230,1609],[30,-65],[21,-11],[16,-59],[44,-98],[53,-45],[49,-97]],[[1345,925],[14,-130]],[[1359,795],[-16,-33],[-80,-6],[-34,-38],[-92,-13]],[[1137,705],[-12,23],[11,106]],[[1306,938],[39,-13]],[[1469,769],[99,-45],[-3,-23]],[[1565,701],[-26,-15]],[[1539,686],[-85,6],[-61,-29],[-23,7],[-36,-37],[-103,-15],[-116,0]],[[1115,618],[47,60],[-25,27]],[[1359,795],[110,-26]],[[1476,1165],[29,-67],[77,-80]],[[1582,1018],[-27,-84],[-67,-34]],[[1488,900],[-36,17],[-51,-6],[-56,14]],[[1443,1234],[22,-10],[11,-59]],[[1628,979],[24,-38],[7,-55],[55,-14],[73,23]],[[1718,631],[-153,70]],[[1469,769],[30,95],[-11,36]],[[1582,1018],[46,-39]],[[1044,4100],[17,-39],[54,-39],[94,-9],[45,10],[110,50],[51,-32],[10,-54],[64,29],[78,-6],[68,-44]],[[1168,3002],[4,254],[-5,146],[-10,58],[10,56],[-16,91],[-80,126],[-46,26],[-87,82],[-16,30],[-26,24],[-38,73],[-2,74]],[[856,4042],[53,-32],[135,90]],[[1044,4100],[-5,91],[54,49],[-6,22],[-72,23],[-36,36],[-18,84],[-23,26]],[[938,4431],[51,34],[55,-12],[39,-37],[22,65],[112,51],[97,76],[14,101],[0,123]],[[938,4431],[-22,12],[-19,65],[-31,51],[-64,9]],[[802,4568],[-5,108],[-5,110]],[[856,4042],[-1,15],[-15,91],[-38,-14],[-28,76],[33,83],[-5,275]],[[2281,218],[-4,-24],[70,-9],[5,-31]],[[2352,154],[-191,-10]],[[1368,490],[-22,-78],[33,-49],[-5,-44]],[[1374,319],[-39,-35]],[[1335,284],[-31,46],[-47,18],[1,66],[-41,14],[-5,26],[-30,-2],[-42,30],[-10,77]],[[1130,559],[81,6],[34,-58],[123,-17]],[[1638,332],[-42,19]],[[1596,351],[11,28],[-68,72],[-30,53],[-77,53]],[[1432,557],[1,71],[106,58]],[[1619,151],[-38,24],[-117,5],[-20,9],[-14,83]],[[1430,272],[30,-3],[102,83],[34,-1]],[[1620,76],[-124,-9],[-321,-60],[-11,-7],[3,21],[109,19],[82,32],[51,2],[-47,118],[1,54],[-28,38]],[[1374,319],[48,-1],[8,-46]],[[1368,490],[64,67]],[[1130,559],[-37,28],[22,31]],[[2627,366],[28,-8]],[[2655,358],[0,-17],[-19,-88]],[[2636,253],[-65,23]],[[2571,276],[-4,56],[-35,31]],[[2532,363],[49,39],[46,-36]],[[2464,718],[-13,-90],[3,-99]],[[2454,529],[-12,-12]],[[2442,517],[-47,-20],[-86,4],[-70,16]],[[2244,724],[220,-6]],[[2422,380],[43,-37]],[[2465,343],[14,-58]],[[2479,285],[-127,-57],[-71,-10]],[[2356,370],[35,39],[31,-29]],[[2531,507],[-34,-63],[19,-23],[-11,-38]],[[2505,383],[-40,-40]],[[2422,380],[36,64],[-16,73]],[[2454,529],[77,-22]],[[2568,495],[49,-71],[10,-58]],[[2532,363],[-27,20]],[[2531,507],[37,-12]],[[2365,932],[-2,-81],[59,-22],[7,-19]],[[2429,810],[35,-92]],[[2232,925],[133,7]],[[2571,276],[-48,19],[-44,-10]],[[2636,253],[5,-63],[0,-9],[-176,-20],[-113,-7]],[[2493,1215],[41,-15],[-53,-101],[23,-48],[26,-13],[35,-110],[89,-5]],[[2654,923],[39,-32]],[[2693,891],[-65,-34],[-52,-62],[-71,23],[-76,-8]],[[2365,932],[64,48],[-3,73],[-46,145]],[[2380,1198],[25,20]],[[2405,1218],[88,-3]],[[2568,495],[10,99],[50,48],[107,34]],[[2735,676],[15,-25],[-4,-56],[-47,-37],[-28,-44],[29,-77],[-45,-79]],[[2737,1238],[-197,5],[-47,-28]],[[2405,1218],[-47,84],[-85,78],[-20,63],[3,60],[-30,40]],[[2668,1856],[1,-139],[33,-74],[60,-49],[1,-72],[-70,-11],[2,-198],[34,-34],[8,-41]],[[2737,1238],[7,-54],[-13,-40],[-34,-28],[3,-36],[54,-46],[-67,-37],[-31,-32],[-2,-42]],[[2693,891],[-5,-96],[-20,-56],[30,-63],[37,0]],[[1719,1259],[-5,-85]],[[1714,1174],[-18,-29],[-59,-11],[-30,45],[-69,9]],[[1538,1188],[14,57],[-21,46],[154,-13],[34,-19]],[[1714,1174],[37,-24]],[[1751,1150],[-32,-53],[-27,-78],[-64,-40]],[[1476,1165],[62,23]],[[1946,1139],[-195,11]],[[1719,1259],[67,70]],[[1786,1329],[24,-90],[24,-20],[41,15],[33,-13],[38,-82]],[[2044,1641],[45,-94],[31,-147],[-8,-80],[47,-12],[19,-28],[-7,-102],[-42,-91]],[[2129,1087],[-29,49]],[[2100,1136],[-45,120],[-24,43],[-4,59],[-29,53]],[[1998,1411],[-14,79],[-33,52],[-4,60],[-38,63],[-54,28]],[[1998,1411],[-159,-5],[-53,-77]],[[1230,1609],[-31,50],[-4,101],[-26,60]],[[2220,951],[4,27]],[[2224,978],[9,75],[26,-3],[-3,75],[-23,59],[48,50],[99,-36]],[[2100,1136],[-154,3]],[[2224,978],[-63,91],[-32,18]]],"bbox":[0.7745700000000001,6.225751024000147,3.8491266808837854,12.403496621818931]}